Region,Comuna,Anio,Categoria,Frecuencia,IDI_Comuna,IDI_Region,IDI_Nacional
Arica y Parinacota,Arica,2020,Amenazas y Riñas,136,79.6,52.5,134.8
Arica y Parinacota,Arica,2020,Homicidios y Femicidios,305,126.4,52.3,99.3
Arica y Parinacota,Arica,2020,Robos con Violencia e Intimidación,532,67.2,78.7,115.7
Arica y Parinacota,Arica,2020,Violaciones y Delitos Sexuales,559,166.4,135.8,111.9
Arica y Parinacota,Arica,2020,Ley de Control de Armas,286,86.2,62.4,126.5
Arica y Parinacota,Arica,2020,Delitos en Contexto de Violencia Intrafamiliar,990,84.5,156.2,76.1
Arica y Parinacota,Arica,2020,Consumo de Alcohol y Drogas en la Vía Pública,652,134,110.5,106.8
Arica y Parinacota,Arica,2020,Hurtos,742,63.6,126,122.8
Arica y Parinacota,Arica,2020,Daños,228,69,136.2,136.4
Arica y Parinacota,Arica,2021,Amenazas y Riñas,749,94.7,145.1,111.1
Arica y Parinacota,Arica,2021,Homicidios y Femicidios,867,148.4,84.9,138
Arica y Parinacota,Arica,2021,Robos con Violencia e Intimidación,838,94.1,86.7,108
Arica y Parinacota,Arica,2021,Violaciones y Delitos Sexuales,563,60,141.9,75.8
Arica y Parinacota,Arica,2021,Ley de Control de Armas,554,160.7,123.3,130.5
Arica y Parinacota,Arica,2021,Delitos en Contexto de Violencia Intrafamiliar,807,88,107.3,121
Arica y Parinacota,Arica,2021,Consumo de Alcohol y Drogas en la Vía Pública,965,165,66.9,137.5
Arica y Parinacota,Arica,2021,Hurtos,853,134.6,78.6,82
Arica y Parinacota,Arica,2021,Daños,205,167.6,129.9,76.1
Arica y Parinacota,Arica,2022,Amenazas y Riñas,195,60.2,106,117.7
Arica y Parinacota,Arica,2022,Homicidios y Femicidios,975,153.6,90.5,106.9
Arica y Parinacota,Arica,2022,Robos con Violencia e Intimidación,370,176.8,137,124.4
Arica y Parinacota,Arica,2022,Violaciones y Delitos Sexuales,851,73.9,53.9,75.9
Arica y Parinacota,Arica,2022,Ley de Control de Armas,600,125.7,73.8,74.9
Arica y Parinacota,Arica,2022,Delitos en Contexto de Violencia Intrafamiliar,249,174.9,143.5,84
Arica y Parinacota,Arica,2022,Consumo de Alcohol y Drogas en la Vía Pública,657,71.3,140,90.9
Arica y Parinacota,Arica,2022,Hurtos,370,124.7,134.3,139.7
Arica y Parinacota,Arica,2022,Daños,230,81.5,122,137.1
Arica y Parinacota,Arica,2023,Amenazas y Riñas,141,83.8,145.4,118
Arica y Parinacota,Arica,2023,Homicidios y Femicidios,609,74.1,100.6,88.6
Arica y Parinacota,Arica,2023,Robos con Violencia e Intimidación,973,94.2,86.7,97.5
Arica y Parinacota,Arica,2023,Violaciones y Delitos Sexuales,311,156.2,150.5,105.4
Arica y Parinacota,Arica,2023,Ley de Control de Armas,842,63,126.8,126.7
Arica y Parinacota,Arica,2023,Delitos en Contexto de Violencia Intrafamiliar,575,64.9,134.1,119
Arica y Parinacota,Arica,2023,Consumo de Alcohol y Drogas en la Vía Pública,94,108,113.7,126.1
Arica y Parinacota,Arica,2023,Hurtos,342,163.9,99.1,105.4
Arica y Parinacota,Arica,2023,Daños,301,71.4,119.2,89.4
Arica y Parinacota,Arica,2024,Amenazas y Riñas,830,105.9,60.8,109.1
Arica y Parinacota,Arica,2024,Homicidios y Femicidios,835,121.9,126.3,72.8
Arica y Parinacota,Arica,2024,Robos con Violencia e Intimidación,179,93.9,97.3,134.4
Arica y Parinacota,Arica,2024,Violaciones y Delitos Sexuales,972,98.6,78,126.6
Arica y Parinacota,Arica,2024,Ley de Control de Armas,630,68.8,91.2,117.3
Arica y Parinacota,Arica,2024,Delitos en Contexto de Violencia Intrafamiliar,866,164.8,141.6,131.5
Arica y Parinacota,Arica,2024,Consumo de Alcohol y Drogas en la Vía Pública,587,68.2,115.5,137.1
Arica y Parinacota,Arica,2024,Hurtos,64,113.6,127.7,95.6
Arica y Parinacota,Arica,2024,Daños,944,156.3,75.8,134.5
Arica y Parinacota,Arica,2025,Amenazas y Riñas,156,72.9,126.1,99
Arica y Parinacota,Arica,2025,Homicidios y Femicidios,707,98.5,137.6,98
Arica y Parinacota,Arica,2025,Robos con Violencia e Intimidación,836,138.5,129.3,121.3
Arica y Parinacota,Arica,2025,Violaciones y Delitos Sexuales,843,90.5,77.4,118.6
Arica y Parinacota,Arica,2025,Ley de Control de Armas,745,168.1,149.1,138.1
Arica y Parinacota,Arica,2025,Delitos en Contexto de Violencia Intrafamiliar,282,142.3,97.3,103.2
Arica y Parinacota,Arica,2025,Consumo de Alcohol y Drogas en la Vía Pública,116,150.5,59.2,129.2
Arica y Parinacota,Arica,2025,Hurtos,315,120.4,93.5,75.2
Arica y Parinacota,Arica,2025,Daños,736,152.4,88.8,75.3
Arica y Parinacota,Putre,2020,Amenazas y Riñas,448,121.7,129.2,118.2
Arica y Parinacota,Putre,2020,Homicidios y Femicidios,579,105.2,130.9,92.6
Arica y Parinacota,Putre,2020,Robos con Violencia e Intimidación,679,90.2,53.2,86.1
Arica y Parinacota,Putre,2020,Violaciones y Delitos Sexuales,92,133.1,79.2,79.3
Arica y Parinacota,Putre,2020,Ley de Control de Armas,401,95.6,94.7,112.1
Arica y Parinacota,Putre,2020,Delitos en Contexto de Violencia Intrafamiliar,810,161.1,113,115.3
Arica y Parinacota,Putre,2020,Consumo de Alcohol y Drogas en la Vía Pública,364,118.7,59.8,121
Arica y Parinacota,Putre,2020,Hurtos,955,75,122.3,85
Arica y Parinacota,Putre,2020,Daños,122,93.9,88.9,79.5
Arica y Parinacota,Putre,2021,Amenazas y Riñas,919,133.9,54.4,93
Arica y Parinacota,Putre,2021,Homicidios y Femicidios,643,119.6,58.9,123.8
Arica y Parinacota,Putre,2021,Robos con Violencia e Intimidación,908,125.6,146.2,84.3
Arica y Parinacota,Putre,2021,Violaciones y Delitos Sexuales,229,157.3,72.4,125.8
Arica y Parinacota,Putre,2021,Ley de Control de Armas,855,158.4,152.1,116.1
Arica y Parinacota,Putre,2021,Delitos en Contexto de Violencia Intrafamiliar,845,101.5,141.2,119.8
Arica y Parinacota,Putre,2021,Consumo de Alcohol y Drogas en la Vía Pública,853,123.4,150.7,123.5
Arica y Parinacota,Putre,2021,Hurtos,662,148.4,76,119.1
Arica y Parinacota,Putre,2021,Daños,685,162.1,79.9,102.8
Arica y Parinacota,Putre,2022,Amenazas y Riñas,82,155.8,92.3,78.1
Arica y Parinacota,Putre,2022,Homicidios y Femicidios,381,102,139.8,113.3
Arica y Parinacota,Putre,2022,Robos con Violencia e Intimidación,362,106.9,111.8,118.1
Arica y Parinacota,Putre,2022,Violaciones y Delitos Sexuales,623,130.1,129.2,126.1
Arica y Parinacota,Putre,2022,Ley de Control de Armas,448,70.8,129.7,132.5
Arica y Parinacota,Putre,2022,Delitos en Contexto de Violencia Intrafamiliar,610,133.1,129.1,133.2
Arica y Parinacota,Putre,2022,Consumo de Alcohol y Drogas en la Vía Pública,337,161.2,132.3,99.8
Arica y Parinacota,Putre,2022,Hurtos,850,173.4,68.1,74.8
Arica y Parinacota,Putre,2022,Daños,563,121.4,143.8,92.3
Arica y Parinacota,Putre,2023,Amenazas y Riñas,984,69.6,156.6,97.5
Arica y Parinacota,Putre,2023,Homicidios y Femicidios,321,158.4,87.8,111.3
Arica y Parinacota,Putre,2023,Robos con Violencia e Intimidación,280,117.6,116.7,127.3
Arica y Parinacota,Putre,2023,Violaciones y Delitos Sexuales,713,107.1,92.2,128.2
Arica y Parinacota,Putre,2023,Ley de Control de Armas,631,160.1,141.1,123.3
Arica y Parinacota,Putre,2023,Delitos en Contexto de Violencia Intrafamiliar,435,151.5,75.7,87.9
Arica y Parinacota,Putre,2023,Consumo de Alcohol y Drogas en la Vía Pública,345,161.6,134.7,129.3
Arica y Parinacota,Putre,2023,Hurtos,788,64.5,108.4,124.4
Arica y Parinacota,Putre,2023,Daños,74,149.5,141.3,116.8
Arica y Parinacota,Putre,2024,Amenazas y Riñas,999,149.1,126,123.3
Arica y Parinacota,Putre,2024,Homicidios y Femicidios,582,60.9,133.4,87.5
Arica y Parinacota,Putre,2024,Robos con Violencia e Intimidación,659,73.9,157.5,139.9
Arica y Parinacota,Putre,2024,Violaciones y Delitos Sexuales,696,178.6,95.5,100.2
Arica y Parinacota,Putre,2024,Ley de Control de Armas,317,120.4,84.4,113.2
Arica y Parinacota,Putre,2024,Delitos en Contexto de Violencia Intrafamiliar,377,131.5,51.5,90.1
Arica y Parinacota,Putre,2024,Consumo de Alcohol y Drogas en la Vía Pública,192,81.8,119.3,128.8
Arica y Parinacota,Putre,2024,Hurtos,490,87.6,100.5,104.8
Arica y Parinacota,Putre,2024,Daños,367,71.5,54.7,126.8
Arica y Parinacota,Putre,2025,Amenazas y Riñas,982,148.8,87.1,125.7
Arica y Parinacota,Putre,2025,Homicidios y Femicidios,84,176.1,115.2,71.3
Arica y Parinacota,Putre,2025,Robos con Violencia e Intimidación,461,85.7,105.7,74.7
Arica y Parinacota,Putre,2025,Violaciones y Delitos Sexuales,584,123.8,71,132.2
Arica y Parinacota,Putre,2025,Ley de Control de Armas,723,71.2,95.3,82.1
Arica y Parinacota,Putre,2025,Delitos en Contexto de Violencia Intrafamiliar,758,125.2,96.3,105.6
Arica y Parinacota,Putre,2025,Consumo de Alcohol y Drogas en la Vía Pública,715,148,130.4,107.8
Arica y Parinacota,Putre,2025,Hurtos,794,142.5,104.7,125
Arica y Parinacota,Putre,2025,Daños,530,69.5,59.7,96
Arica y Parinacota,General Lagos,2020,Amenazas y Riñas,415,77.1,130.4,87.6
Arica y Parinacota,General Lagos,2020,Homicidios y Femicidios,392,96.5,110.5,129.9
Arica y Parinacota,General Lagos,2020,Robos con Violencia e Intimidación,927,88.2,129.8,137.6
Arica y Parinacota,General Lagos,2020,Violaciones y Delitos Sexuales,520,117.4,75,113.2
Arica y Parinacota,General Lagos,2020,Ley de Control de Armas,135,161.3,116.5,93
Arica y Parinacota,General Lagos,2020,Delitos en Contexto de Violencia Intrafamiliar,577,140.8,58.6,75
Arica y Parinacota,General Lagos,2020,Consumo de Alcohol y Drogas en la Vía Pública,249,114.3,63.1,92.5
Arica y Parinacota,General Lagos,2020,Hurtos,359,167.4,65.6,115.5
Arica y Parinacota,General Lagos,2020,Daños,657,132.4,53,126.1
Arica y Parinacota,General Lagos,2021,Amenazas y Riñas,791,91.3,87.8,111.5
Arica y Parinacota,General Lagos,2021,Homicidios y Femicidios,994,138.2,136.8,114.5
Arica y Parinacota,General Lagos,2021,Robos con Violencia e Intimidación,264,170.6,92.8,128.2
Arica y Parinacota,General Lagos,2021,Violaciones y Delitos Sexuales,648,87.5,54.8,129.7
Arica y Parinacota,General Lagos,2021,Ley de Control de Armas,938,65.8,155.6,82.3
Arica y Parinacota,General Lagos,2021,Delitos en Contexto de Violencia Intrafamiliar,694,132.4,139.9,110.8
Arica y Parinacota,General Lagos,2021,Consumo de Alcohol y Drogas en la Vía Pública,509,65.7,115.9,90.7
Arica y Parinacota,General Lagos,2021,Hurtos,89,175.1,58.7,76.1
Arica y Parinacota,General Lagos,2021,Daños,150,178.6,71.2,97.7
Arica y Parinacota,General Lagos,2022,Amenazas y Riñas,348,94.7,84.8,138.6
Arica y Parinacota,General Lagos,2022,Homicidios y Femicidios,815,133.5,122.8,84.2
Arica y Parinacota,General Lagos,2022,Robos con Violencia e Intimidación,393,141.1,137.5,105.1
Arica y Parinacota,General Lagos,2022,Violaciones y Delitos Sexuales,711,98.3,140.3,138.4
Arica y Parinacota,General Lagos,2022,Ley de Control de Armas,410,140.2,153.5,84
Arica y Parinacota,General Lagos,2022,Delitos en Contexto de Violencia Intrafamiliar,640,139.2,104.5,75.8
Arica y Parinacota,General Lagos,2022,Consumo de Alcohol y Drogas en la Vía Pública,706,177,155.7,91.7
Arica y Parinacota,General Lagos,2022,Hurtos,187,134.6,95.5,70.8
Arica y Parinacota,General Lagos,2022,Daños,235,70.4,142.7,122.9
Arica y Parinacota,General Lagos,2023,Amenazas y Riñas,787,64.1,101.7,109.4
Arica y Parinacota,General Lagos,2023,Homicidios y Femicidios,135,174.8,75.3,121
Arica y Parinacota,General Lagos,2023,Robos con Violencia e Intimidación,873,160.2,126.2,135.2
Arica y Parinacota,General Lagos,2023,Violaciones y Delitos Sexuales,370,93.8,160,83
Arica y Parinacota,General Lagos,2023,Ley de Control de Armas,64,61,61.9,101
Arica y Parinacota,General Lagos,2023,Delitos en Contexto de Violencia Intrafamiliar,716,164.6,77.1,101.9
Arica y Parinacota,General Lagos,2023,Consumo de Alcohol y Drogas en la Vía Pública,245,153.9,140.1,85.9
Arica y Parinacota,General Lagos,2023,Hurtos,894,168.3,86.2,113
Arica y Parinacota,General Lagos,2023,Daños,437,64.6,114.5,107.7
Arica y Parinacota,General Lagos,2024,Amenazas y Riñas,980,71.9,71.4,105.7
Arica y Parinacota,General Lagos,2024,Homicidios y Femicidios,738,107.1,115.1,98.5
Arica y Parinacota,General Lagos,2024,Robos con Violencia e Intimidación,859,75.2,96.1,121.5
Arica y Parinacota,General Lagos,2024,Violaciones y Delitos Sexuales,243,131.2,56.6,106.8
Arica y Parinacota,General Lagos,2024,Ley de Control de Armas,408,149.7,105.1,78.5
Arica y Parinacota,General Lagos,2024,Delitos en Contexto de Violencia Intrafamiliar,432,174.5,159.7,133.5
Arica y Parinacota,General Lagos,2024,Consumo de Alcohol y Drogas en la Vía Pública,868,97.3,155.4,112
Arica y Parinacota,General Lagos,2024,Hurtos,90,137.6,71.1,70.5
Arica y Parinacota,General Lagos,2024,Daños,362,112.8,65.6,121.7
Arica y Parinacota,General Lagos,2025,Amenazas y Riñas,378,134.9,151.9,120.5
Arica y Parinacota,General Lagos,2025,Homicidios y Femicidios,435,109.7,76.5,112.3
Arica y Parinacota,General Lagos,2025,Robos con Violencia e Intimidación,267,97.9,141.4,125.6
Arica y Parinacota,General Lagos,2025,Violaciones y Delitos Sexuales,717,63.7,150.2,136.3
Arica y Parinacota,General Lagos,2025,Ley de Control de Armas,905,122.8,100.6,96.2
Arica y Parinacota,General Lagos,2025,Delitos en Contexto de Violencia Intrafamiliar,577,169.4,111.9,138.5
Arica y Parinacota,General Lagos,2025,Consumo de Alcohol y Drogas en la Vía Pública,735,94.5,141.5,120.1
Arica y Parinacota,General Lagos,2025,Hurtos,608,124.8,72.4,131.7
Arica y Parinacota,General Lagos,2025,Daños,707,102.8,102.9,90.3
Arica y Parinacota,Camarones,2020,Amenazas y Riñas,716,167.6,152.3,122.6
Arica y Parinacota,Camarones,2020,Homicidios y Femicidios,455,118.8,122.5,124.6
Arica y Parinacota,Camarones,2020,Robos con Violencia e Intimidación,326,92.5,142,129.2
Arica y Parinacota,Camarones,2020,Violaciones y Delitos Sexuales,633,96.2,51.2,96.7
Arica y Parinacota,Camarones,2020,Ley de Control de Armas,108,113.9,133.4,115.4
Arica y Parinacota,Camarones,2020,Delitos en Contexto de Violencia Intrafamiliar,268,165.6,157.5,96.5
Arica y Parinacota,Camarones,2020,Consumo de Alcohol y Drogas en la Vía Pública,736,65.8,87.6,76.5
Arica y Parinacota,Camarones,2020,Hurtos,481,98,146.4,104.1
Arica y Parinacota,Camarones,2020,Daños,829,103,149.1,111.8
Arica y Parinacota,Camarones,2021,Amenazas y Riñas,896,109.5,79.7,112.5
Arica y Parinacota,Camarones,2021,Homicidios y Femicidios,274,127.8,89.4,78.1
Arica y Parinacota,Camarones,2021,Robos con Violencia e Intimidación,187,148.9,132.3,99.8
Arica y Parinacota,Camarones,2021,Violaciones y Delitos Sexuales,356,159.2,84,113.6
Arica y Parinacota,Camarones,2021,Ley de Control de Armas,977,86.5,84.6,139.4
Arica y Parinacota,Camarones,2021,Delitos en Contexto de Violencia Intrafamiliar,957,175.2,141.1,100.2
Arica y Parinacota,Camarones,2021,Consumo de Alcohol y Drogas en la Vía Pública,172,99.7,131.6,124.1
Arica y Parinacota,Camarones,2021,Hurtos,709,120.8,116.6,102.8
Arica y Parinacota,Camarones,2021,Daños,199,135,100.3,140
Arica y Parinacota,Camarones,2022,Amenazas y Riñas,253,121.8,131,107.6
Arica y Parinacota,Camarones,2022,Homicidios y Femicidios,528,114.4,59.1,73.8
Arica y Parinacota,Camarones,2022,Robos con Violencia e Intimidación,67,118.3,54.3,90.6
Arica y Parinacota,Camarones,2022,Violaciones y Delitos Sexuales,144,170.3,58.7,91.2
Arica y Parinacota,Camarones,2022,Ley de Control de Armas,164,170.5,151.6,118.2
Arica y Parinacota,Camarones,2022,Delitos en Contexto de Violencia Intrafamiliar,921,139.2,155.2,135.9
Arica y Parinacota,Camarones,2022,Consumo de Alcohol y Drogas en la Vía Pública,402,94.2,105.4,123.1
Arica y Parinacota,Camarones,2022,Hurtos,588,114.5,143.5,135.8
Arica y Parinacota,Camarones,2022,Daños,932,144.9,137.4,72.8
Arica y Parinacota,Camarones,2023,Amenazas y Riñas,452,146.9,70.9,83.3
Arica y Parinacota,Camarones,2023,Homicidios y Femicidios,786,73.8,104.3,137.9
Arica y Parinacota,Camarones,2023,Robos con Violencia e Intimidación,394,65.9,120.8,109.1
Arica y Parinacota,Camarones,2023,Violaciones y Delitos Sexuales,317,117.1,81.2,93.7
Arica y Parinacota,Camarones,2023,Ley de Control de Armas,713,73.4,154.9,109.9
Arica y Parinacota,Camarones,2023,Delitos en Contexto de Violencia Intrafamiliar,97,114.8,58.9,96.1
Arica y Parinacota,Camarones,2023,Consumo de Alcohol y Drogas en la Vía Pública,883,95.4,64.4,77.7
Arica y Parinacota,Camarones,2023,Hurtos,229,160.8,96.1,122.9
Arica y Parinacota,Camarones,2023,Daños,236,151.4,157.7,70.8
Arica y Parinacota,Camarones,2024,Amenazas y Riñas,304,127.3,107.5,92.7
Arica y Parinacota,Camarones,2024,Homicidios y Femicidios,95,173.6,87.4,90.6
Arica y Parinacota,Camarones,2024,Robos con Violencia e Intimidación,468,71.4,82.9,137
Arica y Parinacota,Camarones,2024,Violaciones y Delitos Sexuales,250,87.9,79.2,118.2
Arica y Parinacota,Camarones,2024,Ley de Control de Armas,892,154.3,133.6,137.8
Arica y Parinacota,Camarones,2024,Delitos en Contexto de Violencia Intrafamiliar,388,134.5,54.4,88.2
Arica y Parinacota,Camarones,2024,Consumo de Alcohol y Drogas en la Vía Pública,552,151,83.3,106.4
Arica y Parinacota,Camarones,2024,Hurtos,292,167,142,122.1
Arica y Parinacota,Camarones,2024,Daños,860,130.2,73.2,76.3
Arica y Parinacota,Camarones,2025,Amenazas y Riñas,798,127.3,152.3,122.2
Arica y Parinacota,Camarones,2025,Homicidios y Femicidios,829,92.8,142.7,112.7
Arica y Parinacota,Camarones,2025,Robos con Violencia e Intimidación,192,121.9,124.7,125
Arica y Parinacota,Camarones,2025,Violaciones y Delitos Sexuales,400,163.7,146.1,119.1
Arica y Parinacota,Camarones,2025,Ley de Control de Armas,562,159.6,138.5,94.6
Arica y Parinacota,Camarones,2025,Delitos en Contexto de Violencia Intrafamiliar,443,164.9,92.8,129.3
Arica y Parinacota,Camarones,2025,Consumo de Alcohol y Drogas en la Vía Pública,163,130.1,103.7,132.8
Arica y Parinacota,Camarones,2025,Hurtos,437,65.5,58,71.1
Arica y Parinacota,Camarones,2025,Daños,974,178.1,146.2,138.1
Arica y Parinacota,Codpa,2020,Amenazas y Riñas,182,174.3,156,81.5
Arica y Parinacota,Codpa,2020,Homicidios y Femicidios,543,65.2,101,71.8
Arica y Parinacota,Codpa,2020,Robos con Violencia e Intimidación,134,123.5,125.1,96.9
Arica y Parinacota,Codpa,2020,Violaciones y Delitos Sexuales,481,74.4,83,138.5
Arica y Parinacota,Codpa,2020,Ley de Control de Armas,346,85.8,123.7,70.2
Arica y Parinacota,Codpa,2020,Delitos en Contexto de Violencia Intrafamiliar,365,66.8,119.6,114.6
Arica y Parinacota,Codpa,2020,Consumo de Alcohol y Drogas en la Vía Pública,906,71.6,94.8,98.6
Arica y Parinacota,Codpa,2020,Hurtos,483,82.4,133.4,129.3
Arica y Parinacota,Codpa,2020,Daños,112,121.8,127,81.6
Arica y Parinacota,Codpa,2021,Amenazas y Riñas,467,95.3,147.1,86.4
Arica y Parinacota,Codpa,2021,Homicidios y Femicidios,370,145.9,75.5,98.5
Arica y Parinacota,Codpa,2021,Robos con Violencia e Intimidación,810,85.9,98.4,122.4
Arica y Parinacota,Codpa,2021,Violaciones y Delitos Sexuales,649,170.9,128.8,81.5
Arica y Parinacota,Codpa,2021,Ley de Control de Armas,323,77.9,158.9,97.3
Arica y Parinacota,Codpa,2021,Delitos en Contexto de Violencia Intrafamiliar,346,162.5,77.7,120.7
Arica y Parinacota,Codpa,2021,Consumo de Alcohol y Drogas en la Vía Pública,214,87,98.8,78.6
Arica y Parinacota,Codpa,2021,Hurtos,856,176.9,78.1,106.8
Arica y Parinacota,Codpa,2021,Daños,395,70.6,101.5,83.3
Arica y Parinacota,Codpa,2022,Amenazas y Riñas,888,162.5,99.3,83.8
Arica y Parinacota,Codpa,2022,Homicidios y Femicidios,363,138.3,130.1,128.6
Arica y Parinacota,Codpa,2022,Robos con Violencia e Intimidación,615,115.7,55.7,110.8
Arica y Parinacota,Codpa,2022,Violaciones y Delitos Sexuales,345,64.4,82.9,126.1
Arica y Parinacota,Codpa,2022,Ley de Control de Armas,407,133.6,97,87.9
Arica y Parinacota,Codpa,2022,Delitos en Contexto de Violencia Intrafamiliar,805,71.9,130,75.2
Arica y Parinacota,Codpa,2022,Consumo de Alcohol y Drogas en la Vía Pública,404,89.4,52.5,128.7
Arica y Parinacota,Codpa,2022,Hurtos,549,175.7,156.7,139.4
Arica y Parinacota,Codpa,2022,Daños,386,121.8,139,114.4
Arica y Parinacota,Codpa,2023,Amenazas y Riñas,533,69.6,101.2,128.2
Arica y Parinacota,Codpa,2023,Homicidios y Femicidios,185,144.6,96.1,135.5
Arica y Parinacota,Codpa,2023,Robos con Violencia e Intimidación,942,93.6,91.6,129.3
Arica y Parinacota,Codpa,2023,Violaciones y Delitos Sexuales,715,156,151.6,90.3
Arica y Parinacota,Codpa,2023,Ley de Control de Armas,55,155.9,77,76
Arica y Parinacota,Codpa,2023,Delitos en Contexto de Violencia Intrafamiliar,624,155.7,56.7,89.2
Arica y Parinacota,Codpa,2023,Consumo de Alcohol y Drogas en la Vía Pública,479,144.9,102.3,78.9
Arica y Parinacota,Codpa,2023,Hurtos,124,109.9,54.4,78.6
Arica y Parinacota,Codpa,2023,Daños,660,150.1,107.6,107.1
Arica y Parinacota,Codpa,2024,Amenazas y Riñas,206,147,148.4,101
Arica y Parinacota,Codpa,2024,Homicidios y Femicidios,962,107.5,89.9,139.5
Arica y Parinacota,Codpa,2024,Robos con Violencia e Intimidación,426,177.3,64.8,124.1
Arica y Parinacota,Codpa,2024,Violaciones y Delitos Sexuales,909,98.2,140.9,115.2
Arica y Parinacota,Codpa,2024,Ley de Control de Armas,857,88.1,142.3,101.5
Arica y Parinacota,Codpa,2024,Delitos en Contexto de Violencia Intrafamiliar,91,142.3,108.7,96.5
Arica y Parinacota,Codpa,2024,Consumo de Alcohol y Drogas en la Vía Pública,881,126.1,129.7,109.2
Arica y Parinacota,Codpa,2024,Hurtos,447,114.2,155.6,117.5
Arica y Parinacota,Codpa,2024,Daños,779,170.3,73,70.1
Arica y Parinacota,Codpa,2025,Amenazas y Riñas,353,111.1,63.2,119
Arica y Parinacota,Codpa,2025,Homicidios y Femicidios,760,175.8,68.1,102.1
Arica y Parinacota,Codpa,2025,Robos con Violencia e Intimidación,640,109.2,132.7,96.7
Arica y Parinacota,Codpa,2025,Violaciones y Delitos Sexuales,524,80.9,127.9,89.4
Arica y Parinacota,Codpa,2025,Ley de Control de Armas,913,148.7,121.8,137.5
Arica y Parinacota,Codpa,2025,Delitos en Contexto de Violencia Intrafamiliar,418,80.8,91.5,126.9
Arica y Parinacota,Codpa,2025,Consumo de Alcohol y Drogas en la Vía Pública,816,62.1,134.1,70.5
Arica y Parinacota,Codpa,2025,Hurtos,215,143.2,108.5,90.6
Arica y Parinacota,Codpa,2025,Daños,508,165.8,121.5,83.3
Tarapacá,Iquique,2020,Amenazas y Riñas,653,136.5,54.2,87.7
Tarapacá,Iquique,2020,Homicidios y Femicidios,852,97.7,72.3,99.3
Tarapacá,Iquique,2020,Robos con Violencia e Intimidación,226,87.1,53.9,119.4
Tarapacá,Iquique,2020,Violaciones y Delitos Sexuales,507,104.3,88.1,138.5
Tarapacá,Iquique,2020,Ley de Control de Armas,914,112.4,102.2,136
Tarapacá,Iquique,2020,Delitos en Contexto de Violencia Intrafamiliar,289,61.2,71.6,99.8
Tarapacá,Iquique,2020,Consumo de Alcohol y Drogas en la Vía Pública,177,67.2,93.2,102.2
Tarapacá,Iquique,2020,Hurtos,379,124.1,51.8,98.8
Tarapacá,Iquique,2020,Daños,407,123.1,118,83.6
Tarapacá,Iquique,2021,Amenazas y Riñas,975,107.3,105.9,82.3
Tarapacá,Iquique,2021,Homicidios y Femicidios,838,154.2,89.5,91
Tarapacá,Iquique,2021,Robos con Violencia e Intimidación,678,79.7,84.7,109.7
Tarapacá,Iquique,2021,Violaciones y Delitos Sexuales,175,142.7,58.4,136.5
Tarapacá,Iquique,2021,Ley de Control de Armas,767,163.7,138.4,122.7
Tarapacá,Iquique,2021,Delitos en Contexto de Violencia Intrafamiliar,597,89.3,106.2,135.2
Tarapacá,Iquique,2021,Consumo de Alcohol y Drogas en la Vía Pública,324,76.7,64.9,124.5
Tarapacá,Iquique,2021,Hurtos,328,101.9,112.4,101.8
Tarapacá,Iquique,2021,Daños,224,92.7,66,133.7
Tarapacá,Iquique,2022,Amenazas y Riñas,816,69.6,58.2,117.3
Tarapacá,Iquique,2022,Homicidios y Femicidios,608,163.9,154.7,133.2
Tarapacá,Iquique,2022,Robos con Violencia e Intimidación,395,114.6,119.4,115.7
Tarapacá,Iquique,2022,Violaciones y Delitos Sexuales,132,109.5,78,71.4
Tarapacá,Iquique,2022,Ley de Control de Armas,796,95.2,81.5,101.7
Tarapacá,Iquique,2022,Delitos en Contexto de Violencia Intrafamiliar,235,85.3,61.1,137.6
Tarapacá,Iquique,2022,Consumo de Alcohol y Drogas en la Vía Pública,160,147.5,138.4,87.1
Tarapacá,Iquique,2022,Hurtos,60,111.3,60.8,74.6
Tarapacá,Iquique,2022,Daños,353,108.7,66.8,103.9
Tarapacá,Iquique,2023,Amenazas y Riñas,332,150.1,137.8,99.7
Tarapacá,Iquique,2023,Homicidios y Femicidios,471,137,145.1,95.8
Tarapacá,Iquique,2023,Robos con Violencia e Intimidación,942,81.1,123.4,80.8
Tarapacá,Iquique,2023,Violaciones y Delitos Sexuales,439,92.3,88.6,109.5
Tarapacá,Iquique,2023,Ley de Control de Armas,76,142.8,65.4,104.3
Tarapacá,Iquique,2023,Delitos en Contexto de Violencia Intrafamiliar,278,137,102.5,88.2
Tarapacá,Iquique,2023,Consumo de Alcohol y Drogas en la Vía Pública,646,164.9,159.1,101.3
Tarapacá,Iquique,2023,Hurtos,218,174.4,159.7,82.4
Tarapacá,Iquique,2023,Daños,556,84.7,128.6,132.6
Tarapacá,Iquique,2024,Amenazas y Riñas,418,165,80.2,102.2
Tarapacá,Iquique,2024,Homicidios y Femicidios,824,65.7,70.9,126.7
Tarapacá,Iquique,2024,Robos con Violencia e Intimidación,700,178.9,57.1,89.2
Tarapacá,Iquique,2024,Violaciones y Delitos Sexuales,435,132.6,150.7,81.2
Tarapacá,Iquique,2024,Ley de Control de Armas,661,171.3,139.2,122.8
Tarapacá,Iquique,2024,Delitos en Contexto de Violencia Intrafamiliar,287,129.9,112.7,104.4
Tarapacá,Iquique,2024,Consumo de Alcohol y Drogas en la Vía Pública,942,158.8,71.7,79.4
Tarapacá,Iquique,2024,Hurtos,92,122.2,148.5,132.8
Tarapacá,Iquique,2024,Daños,420,121.6,141.1,121.5
Tarapacá,Iquique,2025,Amenazas y Riñas,1000,87.2,148.5,119.1
Tarapacá,Iquique,2025,Homicidios y Femicidios,534,128.6,123.6,84
Tarapacá,Iquique,2025,Robos con Violencia e Intimidación,504,108.8,67.3,138.3
Tarapacá,Iquique,2025,Violaciones y Delitos Sexuales,736,139.5,146.8,84.6
Tarapacá,Iquique,2025,Ley de Control de Armas,379,106.8,102.5,122.6
Tarapacá,Iquique,2025,Delitos en Contexto de Violencia Intrafamiliar,739,158.5,121.7,77.2
Tarapacá,Iquique,2025,Consumo de Alcohol y Drogas en la Vía Pública,482,95.9,74.4,115.4
Tarapacá,Iquique,2025,Hurtos,75,163.7,104.2,74.8
Tarapacá,Iquique,2025,Daños,899,166,142.7,103.6
Tarapacá,Alto Hospicio,2020,Amenazas y Riñas,549,139.9,120.7,92.4
Tarapacá,Alto Hospicio,2020,Homicidios y Femicidios,236,149.3,151.9,127.9
Tarapacá,Alto Hospicio,2020,Robos con Violencia e Intimidación,248,65.5,139.9,106.4
Tarapacá,Alto Hospicio,2020,Violaciones y Delitos Sexuales,328,137.8,151.6,122.8
Tarapacá,Alto Hospicio,2020,Ley de Control de Armas,141,152.8,52.8,125.1
Tarapacá,Alto Hospicio,2020,Delitos en Contexto de Violencia Intrafamiliar,301,154.5,131.2,88.4
Tarapacá,Alto Hospicio,2020,Consumo de Alcohol y Drogas en la Vía Pública,382,123.9,102.6,93.6
Tarapacá,Alto Hospicio,2020,Hurtos,767,164.3,130,138.6
Tarapacá,Alto Hospicio,2020,Daños,884,106.8,112.5,75
Tarapacá,Alto Hospicio,2021,Amenazas y Riñas,386,158.1,144.6,117.9
Tarapacá,Alto Hospicio,2021,Homicidios y Femicidios,964,167.5,62,109.5
Tarapacá,Alto Hospicio,2021,Robos con Violencia e Intimidación,603,141,59.7,83.3
Tarapacá,Alto Hospicio,2021,Violaciones y Delitos Sexuales,736,143.9,87.2,72.8
Tarapacá,Alto Hospicio,2021,Ley de Control de Armas,670,85.6,118.7,128.8
Tarapacá,Alto Hospicio,2021,Delitos en Contexto de Violencia Intrafamiliar,183,145.2,148.7,76.9
Tarapacá,Alto Hospicio,2021,Consumo de Alcohol y Drogas en la Vía Pública,754,93.6,111.2,121.1
Tarapacá,Alto Hospicio,2021,Hurtos,823,159.9,140,122.1
Tarapacá,Alto Hospicio,2021,Daños,441,130.7,79.4,127
Tarapacá,Alto Hospicio,2022,Amenazas y Riñas,209,61.3,141.2,116.5
Tarapacá,Alto Hospicio,2022,Homicidios y Femicidios,103,102.4,75.4,101.1
Tarapacá,Alto Hospicio,2022,Robos con Violencia e Intimidación,377,107.5,149.2,100.6
Tarapacá,Alto Hospicio,2022,Violaciones y Delitos Sexuales,929,89.8,76.4,118.3
Tarapacá,Alto Hospicio,2022,Ley de Control de Armas,59,101.2,108.7,99.3
Tarapacá,Alto Hospicio,2022,Delitos en Contexto de Violencia Intrafamiliar,253,118.9,144.4,122.7
Tarapacá,Alto Hospicio,2022,Consumo de Alcohol y Drogas en la Vía Pública,321,60.5,144.3,91.6
Tarapacá,Alto Hospicio,2022,Hurtos,956,73.3,97.4,93.2
Tarapacá,Alto Hospicio,2022,Daños,935,98.7,155.9,106.3
Tarapacá,Alto Hospicio,2023,Amenazas y Riñas,239,139.3,149,92.6
Tarapacá,Alto Hospicio,2023,Homicidios y Femicidios,699,68.2,106.1,107
Tarapacá,Alto Hospicio,2023,Robos con Violencia e Intimidación,276,107.6,135.7,100.7
Tarapacá,Alto Hospicio,2023,Violaciones y Delitos Sexuales,183,71.2,155.9,111.8
Tarapacá,Alto Hospicio,2023,Ley de Control de Armas,425,91.7,58.7,112.2
Tarapacá,Alto Hospicio,2023,Delitos en Contexto de Violencia Intrafamiliar,717,177.2,52.9,118.3
Tarapacá,Alto Hospicio,2023,Consumo de Alcohol y Drogas en la Vía Pública,737,71.2,137.9,111.4
Tarapacá,Alto Hospicio,2023,Hurtos,124,110.5,107.5,87
Tarapacá,Alto Hospicio,2023,Daños,624,141.1,153.5,88.6
Tarapacá,Alto Hospicio,2024,Amenazas y Riñas,245,149.5,52.8,138.8
Tarapacá,Alto Hospicio,2024,Homicidios y Femicidios,336,170.4,86.9,125.6
Tarapacá,Alto Hospicio,2024,Robos con Violencia e Intimidación,831,137.2,73.8,111.1
Tarapacá,Alto Hospicio,2024,Violaciones y Delitos Sexuales,773,112.1,76.4,112.3
Tarapacá,Alto Hospicio,2024,Ley de Control de Armas,648,164.1,145.3,133.8
Tarapacá,Alto Hospicio,2024,Delitos en Contexto de Violencia Intrafamiliar,223,175.9,51.1,112
Tarapacá,Alto Hospicio,2024,Consumo de Alcohol y Drogas en la Vía Pública,122,141,82.2,112.5
Tarapacá,Alto Hospicio,2024,Hurtos,745,148.4,67.8,108
Tarapacá,Alto Hospicio,2024,Daños,394,82.2,59.8,106.4
Tarapacá,Alto Hospicio,2025,Amenazas y Riñas,531,134.9,118,125.6
Tarapacá,Alto Hospicio,2025,Homicidios y Femicidios,366,62,81.1,119.2
Tarapacá,Alto Hospicio,2025,Robos con Violencia e Intimidación,255,118.5,91.4,129
Tarapacá,Alto Hospicio,2025,Violaciones y Delitos Sexuales,112,144.7,52.7,73.6
Tarapacá,Alto Hospicio,2025,Ley de Control de Armas,934,151.7,151.4,79.8
Tarapacá,Alto Hospicio,2025,Delitos en Contexto de Violencia Intrafamiliar,147,151.7,131,131.5
Tarapacá,Alto Hospicio,2025,Consumo de Alcohol y Drogas en la Vía Pública,78,108.5,51.7,124
Tarapacá,Alto Hospicio,2025,Hurtos,438,109.8,77,111.1
Tarapacá,Alto Hospicio,2025,Daños,880,140.4,146.3,83.4
Tarapacá,Pozo Almonte,2020,Amenazas y Riñas,858,86.7,76.2,92.1
Tarapacá,Pozo Almonte,2020,Homicidios y Femicidios,890,84.6,89.3,107.8
Tarapacá,Pozo Almonte,2020,Robos con Violencia e Intimidación,181,149.8,133.8,133.8
Tarapacá,Pozo Almonte,2020,Violaciones y Delitos Sexuales,288,126.7,119.4,123.9
Tarapacá,Pozo Almonte,2020,Ley de Control de Armas,839,79.4,160,124.2
Tarapacá,Pozo Almonte,2020,Delitos en Contexto de Violencia Intrafamiliar,508,155.2,157.9,118.6
Tarapacá,Pozo Almonte,2020,Consumo de Alcohol y Drogas en la Vía Pública,313,78.8,107.2,78.2
Tarapacá,Pozo Almonte,2020,Hurtos,146,90.7,120.4,107.9
Tarapacá,Pozo Almonte,2020,Daños,240,121.6,93.1,83
Tarapacá,Pozo Almonte,2021,Amenazas y Riñas,314,146.2,98.4,110.9
Tarapacá,Pozo Almonte,2021,Homicidios y Femicidios,875,72.6,56.8,90.2
Tarapacá,Pozo Almonte,2021,Robos con Violencia e Intimidación,588,127.4,94,127.5
Tarapacá,Pozo Almonte,2021,Violaciones y Delitos Sexuales,792,173.2,132.3,106.1
Tarapacá,Pozo Almonte,2021,Ley de Control de Armas,607,162.7,63.6,76
Tarapacá,Pozo Almonte,2021,Delitos en Contexto de Violencia Intrafamiliar,943,140,131.8,113.6
Tarapacá,Pozo Almonte,2021,Consumo de Alcohol y Drogas en la Vía Pública,735,114.7,143.9,111.1
Tarapacá,Pozo Almonte,2021,Hurtos,154,94.1,70.3,123.9
Tarapacá,Pozo Almonte,2021,Daños,622,99.7,101.1,72.4
Tarapacá,Pozo Almonte,2022,Amenazas y Riñas,750,85.1,56,84.6
Tarapacá,Pozo Almonte,2022,Homicidios y Femicidios,835,134.8,133.4,124.8
Tarapacá,Pozo Almonte,2022,Robos con Violencia e Intimidación,733,135.2,126.5,108.8
Tarapacá,Pozo Almonte,2022,Violaciones y Delitos Sexuales,561,87,71.4,84.4
Tarapacá,Pozo Almonte,2022,Ley de Control de Armas,244,151.6,61.4,102
Tarapacá,Pozo Almonte,2022,Delitos en Contexto de Violencia Intrafamiliar,695,171.3,111.9,119.6
Tarapacá,Pozo Almonte,2022,Consumo de Alcohol y Drogas en la Vía Pública,368,69.1,65.3,114.4
Tarapacá,Pozo Almonte,2022,Hurtos,590,124.3,152.5,75.7
Tarapacá,Pozo Almonte,2022,Daños,645,110.2,67.5,139.1
Tarapacá,Pozo Almonte,2023,Amenazas y Riñas,560,175.4,119.1,109.6
Tarapacá,Pozo Almonte,2023,Homicidios y Femicidios,141,69.2,105.6,135.4
Tarapacá,Pozo Almonte,2023,Robos con Violencia e Intimidación,553,163.9,76.3,77.1
Tarapacá,Pozo Almonte,2023,Violaciones y Delitos Sexuales,251,66.6,61.6,83.9
Tarapacá,Pozo Almonte,2023,Ley de Control de Armas,819,103.5,68.8,117.6
Tarapacá,Pozo Almonte,2023,Delitos en Contexto de Violencia Intrafamiliar,982,77.6,147.6,120.7
Tarapacá,Pozo Almonte,2023,Consumo de Alcohol y Drogas en la Vía Pública,961,130.4,93.7,116.7
Tarapacá,Pozo Almonte,2023,Hurtos,458,167.8,154.9,123.8
Tarapacá,Pozo Almonte,2023,Daños,632,139.7,61.4,135.5
Tarapacá,Pozo Almonte,2024,Amenazas y Riñas,465,79.7,133,94.3
Tarapacá,Pozo Almonte,2024,Homicidios y Femicidios,303,128.5,66,117.6
Tarapacá,Pozo Almonte,2024,Robos con Violencia e Intimidación,199,138.7,141.1,71.3
Tarapacá,Pozo Almonte,2024,Violaciones y Delitos Sexuales,575,148.8,138.1,109.7
Tarapacá,Pozo Almonte,2024,Ley de Control de Armas,576,176.2,125.4,104.7
Tarapacá,Pozo Almonte,2024,Delitos en Contexto de Violencia Intrafamiliar,241,123.6,109.6,96.4
Tarapacá,Pozo Almonte,2024,Consumo de Alcohol y Drogas en la Vía Pública,138,150.5,145.9,135.4
Tarapacá,Pozo Almonte,2024,Hurtos,122,166.8,67.2,82
Tarapacá,Pozo Almonte,2024,Daños,906,152.1,157.7,131.6
Tarapacá,Pozo Almonte,2025,Amenazas y Riñas,264,98.3,141.5,76.4
Tarapacá,Pozo Almonte,2025,Homicidios y Femicidios,468,71.9,70.6,128.9
Tarapacá,Pozo Almonte,2025,Robos con Violencia e Intimidación,675,178.5,129.5,128.5
Tarapacá,Pozo Almonte,2025,Violaciones y Delitos Sexuales,574,171.4,140.1,111.2
Tarapacá,Pozo Almonte,2025,Ley de Control de Armas,407,117.2,66.3,90.3
Tarapacá,Pozo Almonte,2025,Delitos en Contexto de Violencia Intrafamiliar,217,126.2,98,130
Tarapacá,Pozo Almonte,2025,Consumo de Alcohol y Drogas en la Vía Pública,951,96.6,98.4,109.1
Tarapacá,Pozo Almonte,2025,Hurtos,858,132.2,114.3,136.6
Tarapacá,Pozo Almonte,2025,Daños,870,159.7,123.9,94.4
Tarapacá,Huara,2020,Amenazas y Riñas,659,127.8,80.8,110.7
Tarapacá,Huara,2020,Homicidios y Femicidios,199,174.1,94.6,99.9
Tarapacá,Huara,2020,Robos con Violencia e Intimidación,363,179.9,111.7,128.1
Tarapacá,Huara,2020,Violaciones y Delitos Sexuales,927,147.2,71.3,87.2
Tarapacá,Huara,2020,Ley de Control de Armas,344,73.3,116.4,132.3
Tarapacá,Huara,2020,Delitos en Contexto de Violencia Intrafamiliar,660,102.2,118.9,91.4
Tarapacá,Huara,2020,Consumo de Alcohol y Drogas en la Vía Pública,309,104.7,159.4,114.2
Tarapacá,Huara,2020,Hurtos,957,60.2,51.4,137
Tarapacá,Huara,2020,Daños,495,74.9,140.6,95.9
Tarapacá,Huara,2021,Amenazas y Riñas,296,71.2,133.4,99.8
Tarapacá,Huara,2021,Homicidios y Femicidios,683,118.3,123.4,127.8
Tarapacá,Huara,2021,Robos con Violencia e Intimidación,888,66.4,145.8,95
Tarapacá,Huara,2021,Violaciones y Delitos Sexuales,990,136.7,125.3,111.7
Tarapacá,Huara,2021,Ley de Control de Armas,731,172,101,129.4
Tarapacá,Huara,2021,Delitos en Contexto de Violencia Intrafamiliar,521,109.5,81.5,91.4
Tarapacá,Huara,2021,Consumo de Alcohol y Drogas en la Vía Pública,507,102.4,61.2,110.2
Tarapacá,Huara,2021,Hurtos,186,80.8,73.3,72.3
Tarapacá,Huara,2021,Daños,637,86.2,131.3,102
Tarapacá,Huara,2022,Amenazas y Riñas,438,178,122.4,123.3
Tarapacá,Huara,2022,Homicidios y Femicidios,444,88,124.6,92.7
Tarapacá,Huara,2022,Robos con Violencia e Intimidación,64,168.7,91.4,112.3
Tarapacá,Huara,2022,Violaciones y Delitos Sexuales,901,174.7,133.2,117.6
Tarapacá,Huara,2022,Ley de Control de Armas,776,176.1,87.9,80
Tarapacá,Huara,2022,Delitos en Contexto de Violencia Intrafamiliar,859,118.3,101.2,131.6
Tarapacá,Huara,2022,Consumo de Alcohol y Drogas en la Vía Pública,129,80.2,90.8,95.2
Tarapacá,Huara,2022,Hurtos,507,158,82.5,126
Tarapacá,Huara,2022,Daños,206,102.8,150.3,75.4
Tarapacá,Huara,2023,Amenazas y Riñas,575,115.3,101.1,103.4
Tarapacá,Huara,2023,Homicidios y Femicidios,830,165.4,159.8,73.8
Tarapacá,Huara,2023,Robos con Violencia e Intimidación,645,174.6,93.6,93.2
Tarapacá,Huara,2023,Violaciones y Delitos Sexuales,219,141.9,155.9,74.6
Tarapacá,Huara,2023,Ley de Control de Armas,297,139.9,75.8,73.5
Tarapacá,Huara,2023,Delitos en Contexto de Violencia Intrafamiliar,191,75.6,66.8,71.7
Tarapacá,Huara,2023,Consumo de Alcohol y Drogas en la Vía Pública,866,175.5,65.5,94.5
Tarapacá,Huara,2023,Hurtos,364,99.2,85.1,114.8
Tarapacá,Huara,2023,Daños,395,156,116.5,121.1
Tarapacá,Huara,2024,Amenazas y Riñas,402,70.4,68.3,102.5
Tarapacá,Huara,2024,Homicidios y Femicidios,357,63.2,74.6,78.9
Tarapacá,Huara,2024,Robos con Violencia e Intimidación,336,69.5,52.9,94.3
Tarapacá,Huara,2024,Violaciones y Delitos Sexuales,388,121.7,92.1,76.6
Tarapacá,Huara,2024,Ley de Control de Armas,861,65.2,61.6,87.4
Tarapacá,Huara,2024,Delitos en Contexto de Violencia Intrafamiliar,75,60.4,124.8,71.4
Tarapacá,Huara,2024,Consumo de Alcohol y Drogas en la Vía Pública,178,129.8,138.8,105.4
Tarapacá,Huara,2024,Hurtos,79,130.1,138.7,76.5
Tarapacá,Huara,2024,Daños,632,96.5,110.5,137.9
Tarapacá,Huara,2025,Amenazas y Riñas,950,128.8,151.8,91.8
Tarapacá,Huara,2025,Homicidios y Femicidios,924,96.1,137.4,70.5
Tarapacá,Huara,2025,Robos con Violencia e Intimidación,862,79.3,126.5,134.4
Tarapacá,Huara,2025,Violaciones y Delitos Sexuales,937,151.1,120.2,90.3
Tarapacá,Huara,2025,Ley de Control de Armas,52,114.2,108.3,123.3
Tarapacá,Huara,2025,Delitos en Contexto de Violencia Intrafamiliar,52,106.6,67.4,73.4
Tarapacá,Huara,2025,Consumo de Alcohol y Drogas en la Vía Pública,692,89.2,132.1,75
Tarapacá,Huara,2025,Hurtos,620,102.9,76.6,102.6
Tarapacá,Huara,2025,Daños,738,86.5,92.1,127.2
Tarapacá,Pica,2020,Amenazas y Riñas,312,113,114.1,70.4
Tarapacá,Pica,2020,Homicidios y Femicidios,708,164.7,92.9,111
Tarapacá,Pica,2020,Robos con Violencia e Intimidación,313,137.4,151.8,126.4
Tarapacá,Pica,2020,Violaciones y Delitos Sexuales,244,107.4,128.1,95
Tarapacá,Pica,2020,Ley de Control de Armas,287,163.1,135.3,107.1
Tarapacá,Pica,2020,Delitos en Contexto de Violencia Intrafamiliar,474,167.9,112.4,108.5
Tarapacá,Pica,2020,Consumo de Alcohol y Drogas en la Vía Pública,445,71.7,92.1,93.7
Tarapacá,Pica,2020,Hurtos,387,153.4,150.2,71.9
Tarapacá,Pica,2020,Daños,310,77.4,69.2,113.1
Tarapacá,Pica,2021,Amenazas y Riñas,843,83.2,138.7,106.3
Tarapacá,Pica,2021,Homicidios y Femicidios,659,177.1,60.8,108
Tarapacá,Pica,2021,Robos con Violencia e Intimidación,173,80.5,103.5,132.8
Tarapacá,Pica,2021,Violaciones y Delitos Sexuales,512,170.2,156.1,85.9
Tarapacá,Pica,2021,Ley de Control de Armas,330,129.4,154.6,92.4
Tarapacá,Pica,2021,Delitos en Contexto de Violencia Intrafamiliar,215,168.6,95.4,105.3
Tarapacá,Pica,2021,Consumo de Alcohol y Drogas en la Vía Pública,571,74.2,146.3,106.4
Tarapacá,Pica,2021,Hurtos,519,105.2,122.4,78.9
Tarapacá,Pica,2021,Daños,621,172.3,159.7,139.8
Tarapacá,Pica,2022,Amenazas y Riñas,526,74.9,138.4,137.3
Tarapacá,Pica,2022,Homicidios y Femicidios,775,161.2,102,78.5
Tarapacá,Pica,2022,Robos con Violencia e Intimidación,877,111,74.2,81.7
Tarapacá,Pica,2022,Violaciones y Delitos Sexuales,913,70.8,134.3,130.2
Tarapacá,Pica,2022,Ley de Control de Armas,925,126.5,159.9,134
Tarapacá,Pica,2022,Delitos en Contexto de Violencia Intrafamiliar,711,79.1,101.3,138.9
Tarapacá,Pica,2022,Consumo de Alcohol y Drogas en la Vía Pública,778,104.2,62.1,97.8
Tarapacá,Pica,2022,Hurtos,502,126.8,51.6,126.7
Tarapacá,Pica,2022,Daños,284,158.9,59.3,138.7
Tarapacá,Pica,2023,Amenazas y Riñas,267,137.1,80,91.2
Tarapacá,Pica,2023,Homicidios y Femicidios,635,128.2,131.2,130.9
Tarapacá,Pica,2023,Robos con Violencia e Intimidación,90,102,138.7,114.2
Tarapacá,Pica,2023,Violaciones y Delitos Sexuales,781,83.6,150.8,119.9
Tarapacá,Pica,2023,Ley de Control de Armas,175,62.5,94.7,121.3
Tarapacá,Pica,2023,Delitos en Contexto de Violencia Intrafamiliar,249,171,112,131.9
Tarapacá,Pica,2023,Consumo de Alcohol y Drogas en la Vía Pública,95,61,59.1,92.1
Tarapacá,Pica,2023,Hurtos,580,95.6,52.3,134.4
Tarapacá,Pica,2023,Daños,547,96.8,53.1,90.5
Tarapacá,Pica,2024,Amenazas y Riñas,268,85.7,146,117.3
Tarapacá,Pica,2024,Homicidios y Femicidios,898,173.3,71,113.7
Tarapacá,Pica,2024,Robos con Violencia e Intimidación,447,103,62.5,109.7
Tarapacá,Pica,2024,Violaciones y Delitos Sexuales,590,81.7,122.1,87.9
Tarapacá,Pica,2024,Ley de Control de Armas,692,98,51.1,134.1
Tarapacá,Pica,2024,Delitos en Contexto de Violencia Intrafamiliar,833,100.9,126.6,102.4
Tarapacá,Pica,2024,Consumo de Alcohol y Drogas en la Vía Pública,295,142.7,124.1,70.7
Tarapacá,Pica,2024,Hurtos,806,140.7,94,105.9
Tarapacá,Pica,2024,Daños,156,65.5,60.8,133
Tarapacá,Pica,2025,Amenazas y Riñas,803,96.1,123.7,110.7
Tarapacá,Pica,2025,Homicidios y Femicidios,79,108.6,150.8,92
Tarapacá,Pica,2025,Robos con Violencia e Intimidación,446,92,149.7,137
Tarapacá,Pica,2025,Violaciones y Delitos Sexuales,553,151.3,88,112.9
Tarapacá,Pica,2025,Ley de Control de Armas,611,152.5,118.1,74.4
Tarapacá,Pica,2025,Delitos en Contexto de Violencia Intrafamiliar,52,145.5,81.4,124.9
Tarapacá,Pica,2025,Consumo de Alcohol y Drogas en la Vía Pública,729,78.1,88.2,87
Tarapacá,Pica,2025,Hurtos,814,72.3,137.2,115.5
Tarapacá,Pica,2025,Daños,342,84.2,146.2,118
Antofagasta,Antofagasta,2020,Amenazas y Riñas,568,175.1,124.1,74.3
Antofagasta,Antofagasta,2020,Homicidios y Femicidios,277,90,64.1,123.2
Antofagasta,Antofagasta,2020,Robos con Violencia e Intimidación,355,177.3,121,122
Antofagasta,Antofagasta,2020,Violaciones y Delitos Sexuales,346,147.1,96.8,105.9
Antofagasta,Antofagasta,2020,Ley de Control de Armas,501,65.7,61.6,111.3
Antofagasta,Antofagasta,2020,Delitos en Contexto de Violencia Intrafamiliar,748,134.7,152.9,77
Antofagasta,Antofagasta,2020,Consumo de Alcohol y Drogas en la Vía Pública,78,76,70.5,78.3
Antofagasta,Antofagasta,2020,Hurtos,60,161.6,152.4,118.4
Antofagasta,Antofagasta,2020,Daños,965,72.9,130.2,114.8
Antofagasta,Antofagasta,2021,Amenazas y Riñas,933,156.2,142.3,76.2
Antofagasta,Antofagasta,2021,Homicidios y Femicidios,814,92.4,111.8,79.3
Antofagasta,Antofagasta,2021,Robos con Violencia e Intimidación,51,149.9,80.7,94.7
Antofagasta,Antofagasta,2021,Violaciones y Delitos Sexuales,169,148.3,60.8,86.4
Antofagasta,Antofagasta,2021,Ley de Control de Armas,457,104.2,131.6,92.3
Antofagasta,Antofagasta,2021,Delitos en Contexto de Violencia Intrafamiliar,665,135.1,99.8,72.6
Antofagasta,Antofagasta,2021,Consumo de Alcohol y Drogas en la Vía Pública,622,93.6,131.2,130.8
Antofagasta,Antofagasta,2021,Hurtos,584,137.1,101.5,80.1
Antofagasta,Antofagasta,2021,Daños,498,123.7,135.7,84.1
Antofagasta,Antofagasta,2022,Amenazas y Riñas,721,154.7,84.5,77.5
Antofagasta,Antofagasta,2022,Homicidios y Femicidios,579,104.7,135.9,96.8
Antofagasta,Antofagasta,2022,Robos con Violencia e Intimidación,988,71.8,51.6,139.4
Antofagasta,Antofagasta,2022,Violaciones y Delitos Sexuales,248,132.3,119.4,133.7
Antofagasta,Antofagasta,2022,Ley de Control de Armas,387,175,113.6,107.4
Antofagasta,Antofagasta,2022,Delitos en Contexto de Violencia Intrafamiliar,317,88.3,69.5,99.1
Antofagasta,Antofagasta,2022,Consumo de Alcohol y Drogas en la Vía Pública,589,113.4,134.8,128.2
Antofagasta,Antofagasta,2022,Hurtos,908,119.8,92.7,86.1
Antofagasta,Antofagasta,2022,Daños,420,177.5,75.8,91.5
Antofagasta,Antofagasta,2023,Amenazas y Riñas,130,164.3,58.6,130.1
Antofagasta,Antofagasta,2023,Homicidios y Femicidios,104,68.4,121.1,97.2
Antofagasta,Antofagasta,2023,Robos con Violencia e Intimidación,684,136.8,127.6,126.6
Antofagasta,Antofagasta,2023,Violaciones y Delitos Sexuales,294,99.1,111.7,94.4
Antofagasta,Antofagasta,2023,Ley de Control de Armas,195,121.1,155.4,74.2
Antofagasta,Antofagasta,2023,Delitos en Contexto de Violencia Intrafamiliar,584,163.4,99.2,119.7
Antofagasta,Antofagasta,2023,Consumo de Alcohol y Drogas en la Vía Pública,426,142.1,134.8,91.1
Antofagasta,Antofagasta,2023,Hurtos,571,94.4,81.1,124.3
Antofagasta,Antofagasta,2023,Daños,147,139.9,123.9,103.3
Antofagasta,Antofagasta,2024,Amenazas y Riñas,427,173.7,68.8,128.3
Antofagasta,Antofagasta,2024,Homicidios y Femicidios,119,179.2,107.5,104.2
Antofagasta,Antofagasta,2024,Robos con Violencia e Intimidación,327,149.6,125.7,103.8
Antofagasta,Antofagasta,2024,Violaciones y Delitos Sexuales,52,76,64.6,138.6
Antofagasta,Antofagasta,2024,Ley de Control de Armas,180,90.5,67.9,73.3
Antofagasta,Antofagasta,2024,Delitos en Contexto de Violencia Intrafamiliar,94,178.2,88.8,95.3
Antofagasta,Antofagasta,2024,Consumo de Alcohol y Drogas en la Vía Pública,626,109.6,94.7,138.7
Antofagasta,Antofagasta,2024,Hurtos,202,94.3,158.9,105.3
Antofagasta,Antofagasta,2024,Daños,312,99.7,154.7,90.2
Antofagasta,Antofagasta,2025,Amenazas y Riñas,137,177.8,121.7,74.3
Antofagasta,Antofagasta,2025,Homicidios y Femicidios,501,77,125.9,93.9
Antofagasta,Antofagasta,2025,Robos con Violencia e Intimidación,182,73.7,95.2,131.7
Antofagasta,Antofagasta,2025,Violaciones y Delitos Sexuales,969,70.5,90.9,139.6
Antofagasta,Antofagasta,2025,Ley de Control de Armas,851,153.7,85.5,99.9
Antofagasta,Antofagasta,2025,Delitos en Contexto de Violencia Intrafamiliar,552,93.4,59.8,122.7
Antofagasta,Antofagasta,2025,Consumo de Alcohol y Drogas en la Vía Pública,247,151.1,106.5,107.1
Antofagasta,Antofagasta,2025,Hurtos,389,114.3,78.5,136.9
Antofagasta,Antofagasta,2025,Daños,780,169,81.7,115.1
Antofagasta,Calama,2020,Amenazas y Riñas,318,118.8,78.3,106.9
Antofagasta,Calama,2020,Homicidios y Femicidios,503,99.1,110.5,130.5
Antofagasta,Calama,2020,Robos con Violencia e Intimidación,960,127.3,145.3,70
Antofagasta,Calama,2020,Violaciones y Delitos Sexuales,375,100.4,97.6,110.1
Antofagasta,Calama,2020,Ley de Control de Armas,219,123.8,58.2,82
Antofagasta,Calama,2020,Delitos en Contexto de Violencia Intrafamiliar,393,95.1,70.3,106.1
Antofagasta,Calama,2020,Consumo de Alcohol y Drogas en la Vía Pública,121,85.1,109.4,72.6
Antofagasta,Calama,2020,Hurtos,616,80.6,121.7,108.6
Antofagasta,Calama,2020,Daños,931,133.7,139.8,126.3
Antofagasta,Calama,2021,Amenazas y Riñas,817,75.5,107.9,136.1
Antofagasta,Calama,2021,Homicidios y Femicidios,517,150.9,122.7,134.5
Antofagasta,Calama,2021,Robos con Violencia e Intimidación,653,92.4,133,80.8
Antofagasta,Calama,2021,Violaciones y Delitos Sexuales,640,165.4,98.2,104.9
Antofagasta,Calama,2021,Ley de Control de Armas,324,132.9,67.4,71.4
Antofagasta,Calama,2021,Delitos en Contexto de Violencia Intrafamiliar,660,131.5,101.9,121.8
Antofagasta,Calama,2021,Consumo de Alcohol y Drogas en la Vía Pública,448,135.3,105.4,104.6
Antofagasta,Calama,2021,Hurtos,543,139.4,136.6,121.6
Antofagasta,Calama,2021,Daños,74,120.6,108.4,106.1
Antofagasta,Calama,2022,Amenazas y Riñas,955,75.4,155.2,100.1
Antofagasta,Calama,2022,Homicidios y Femicidios,279,73.2,91.5,88.9
Antofagasta,Calama,2022,Robos con Violencia e Intimidación,559,75.1,135,129.6
Antofagasta,Calama,2022,Violaciones y Delitos Sexuales,876,86.5,121.5,109.2
Antofagasta,Calama,2022,Ley de Control de Armas,545,113.6,155,73.6
Antofagasta,Calama,2022,Delitos en Contexto de Violencia Intrafamiliar,337,100.9,112.1,125.2
Antofagasta,Calama,2022,Consumo de Alcohol y Drogas en la Vía Pública,518,158.4,54.5,99.5
Antofagasta,Calama,2022,Hurtos,936,135.4,125.1,116
Antofagasta,Calama,2022,Daños,579,129.2,136.4,122.5
Antofagasta,Calama,2023,Amenazas y Riñas,58,83.9,68.1,70.9
Antofagasta,Calama,2023,Homicidios y Femicidios,766,155.5,145.3,115.6
Antofagasta,Calama,2023,Robos con Violencia e Intimidación,993,89.8,87.4,90.2
Antofagasta,Calama,2023,Violaciones y Delitos Sexuales,190,95.9,63.4,118.1
Antofagasta,Calama,2023,Ley de Control de Armas,468,93.3,89.7,98.2
Antofagasta,Calama,2023,Delitos en Contexto de Violencia Intrafamiliar,146,166.2,94,76.1
Antofagasta,Calama,2023,Consumo de Alcohol y Drogas en la Vía Pública,706,142,79.5,79.8
Antofagasta,Calama,2023,Hurtos,938,70,68.5,83.9
Antofagasta,Calama,2023,Daños,339,66.1,109.7,89.2
Antofagasta,Calama,2024,Amenazas y Riñas,295,86,89.4,111.9
Antofagasta,Calama,2024,Homicidios y Femicidios,540,165.5,54.1,120.7
Antofagasta,Calama,2024,Robos con Violencia e Intimidación,936,147.5,105,133
Antofagasta,Calama,2024,Violaciones y Delitos Sexuales,306,168.7,96.9,135
Antofagasta,Calama,2024,Ley de Control de Armas,800,70.4,132.5,118.2
Antofagasta,Calama,2024,Delitos en Contexto de Violencia Intrafamiliar,367,165.9,154.4,134.9
Antofagasta,Calama,2024,Consumo de Alcohol y Drogas en la Vía Pública,66,94.4,146.3,134
Antofagasta,Calama,2024,Hurtos,289,98.3,148.8,73.1
Antofagasta,Calama,2024,Daños,498,140.9,100.6,103.4
Antofagasta,Calama,2025,Amenazas y Riñas,323,154.1,73.4,104.5
Antofagasta,Calama,2025,Homicidios y Femicidios,849,142.6,88.4,97.8
Antofagasta,Calama,2025,Robos con Violencia e Intimidación,100,85.4,69.9,97.4
Antofagasta,Calama,2025,Violaciones y Delitos Sexuales,830,111.4,63.5,139.9
Antofagasta,Calama,2025,Ley de Control de Armas,291,178.3,109.5,77.9
Antofagasta,Calama,2025,Delitos en Contexto de Violencia Intrafamiliar,957,74,118.7,120.1
Antofagasta,Calama,2025,Consumo de Alcohol y Drogas en la Vía Pública,515,170.4,142,90.1
Antofagasta,Calama,2025,Hurtos,291,143.4,97.1,85.4
Antofagasta,Calama,2025,Daños,486,139.7,148.9,100.6
Antofagasta,Tocopilla,2020,Amenazas y Riñas,447,109.1,148.5,96.8
Antofagasta,Tocopilla,2020,Homicidios y Femicidios,714,103.7,158.1,93
Antofagasta,Tocopilla,2020,Robos con Violencia e Intimidación,152,127,105.4,73.4
Antofagasta,Tocopilla,2020,Violaciones y Delitos Sexuales,439,76.1,128.3,82.1
Antofagasta,Tocopilla,2020,Ley de Control de Armas,69,153.6,51.2,110
Antofagasta,Tocopilla,2020,Delitos en Contexto de Violencia Intrafamiliar,982,178.1,130.5,70.2
Antofagasta,Tocopilla,2020,Consumo de Alcohol y Drogas en la Vía Pública,418,112,87.2,129.2
Antofagasta,Tocopilla,2020,Hurtos,607,103.8,73.9,117.4
Antofagasta,Tocopilla,2020,Daños,135,174.7,97.9,131.4
Antofagasta,Tocopilla,2021,Amenazas y Riñas,150,152.7,150.6,73.7
Antofagasta,Tocopilla,2021,Homicidios y Femicidios,845,161.1,135.2,129.3
Antofagasta,Tocopilla,2021,Robos con Violencia e Intimidación,603,96.9,125.1,133.4
Antofagasta,Tocopilla,2021,Violaciones y Delitos Sexuales,212,148,100,134.7
Antofagasta,Tocopilla,2021,Ley de Control de Armas,517,80.8,76.5,134
Antofagasta,Tocopilla,2021,Delitos en Contexto de Violencia Intrafamiliar,511,174.2,60.4,88.9
Antofagasta,Tocopilla,2021,Consumo de Alcohol y Drogas en la Vía Pública,635,138.3,55.2,99.4
Antofagasta,Tocopilla,2021,Hurtos,368,158,114.2,131.4
Antofagasta,Tocopilla,2021,Daños,262,82.6,101.8,72.5
Antofagasta,Tocopilla,2022,Amenazas y Riñas,139,102.4,59,87.7
Antofagasta,Tocopilla,2022,Homicidios y Femicidios,793,145.9,126,115.4
Antofagasta,Tocopilla,2022,Robos con Violencia e Intimidación,220,68.3,73.8,74.6
Antofagasta,Tocopilla,2022,Violaciones y Delitos Sexuales,790,108.9,72.6,89.7
Antofagasta,Tocopilla,2022,Ley de Control de Armas,558,82.7,60.4,90.6
Antofagasta,Tocopilla,2022,Delitos en Contexto de Violencia Intrafamiliar,391,81.4,128.5,97.4
Antofagasta,Tocopilla,2022,Consumo de Alcohol y Drogas en la Vía Pública,875,165.4,108.1,94.7
Antofagasta,Tocopilla,2022,Hurtos,872,151,158.9,124.5
Antofagasta,Tocopilla,2022,Daños,899,61.8,107.9,95.3
Antofagasta,Tocopilla,2023,Amenazas y Riñas,699,104.7,115.1,103
Antofagasta,Tocopilla,2023,Homicidios y Femicidios,504,163.1,133,129.2
Antofagasta,Tocopilla,2023,Robos con Violencia e Intimidación,596,101,97.4,94.8
Antofagasta,Tocopilla,2023,Violaciones y Delitos Sexuales,586,176.3,92.3,135.5
Antofagasta,Tocopilla,2023,Ley de Control de Armas,492,68.8,88.7,135.6
Antofagasta,Tocopilla,2023,Delitos en Contexto de Violencia Intrafamiliar,509,119.9,115.3,96.7
Antofagasta,Tocopilla,2023,Consumo de Alcohol y Drogas en la Vía Pública,734,82.4,83.1,94.9
Antofagasta,Tocopilla,2023,Hurtos,573,119.5,52.7,96.1
Antofagasta,Tocopilla,2023,Daños,462,136.2,103.8,71.7
Antofagasta,Tocopilla,2024,Amenazas y Riñas,52,122.5,90.9,82.5
Antofagasta,Tocopilla,2024,Homicidios y Femicidios,728,163.9,138,120
Antofagasta,Tocopilla,2024,Robos con Violencia e Intimidación,489,127.8,55.3,78.3
Antofagasta,Tocopilla,2024,Violaciones y Delitos Sexuales,576,144.8,71.5,105.4
Antofagasta,Tocopilla,2024,Ley de Control de Armas,921,64.7,154.5,112.3
Antofagasta,Tocopilla,2024,Delitos en Contexto de Violencia Intrafamiliar,77,107.7,160,93.5
Antofagasta,Tocopilla,2024,Consumo de Alcohol y Drogas en la Vía Pública,482,127.4,110,95.7
Antofagasta,Tocopilla,2024,Hurtos,280,154.6,144.1,119.1
Antofagasta,Tocopilla,2024,Daños,789,80.5,141.9,83.6
Antofagasta,Tocopilla,2025,Amenazas y Riñas,69,67.8,130.2,98
Antofagasta,Tocopilla,2025,Homicidios y Femicidios,330,86.4,82,124.8
Antofagasta,Tocopilla,2025,Robos con Violencia e Intimidación,260,171.4,88.9,98.6
Antofagasta,Tocopilla,2025,Violaciones y Delitos Sexuales,961,145.9,144.8,132.7
Antofagasta,Tocopilla,2025,Ley de Control de Armas,564,110.4,90.4,76.5
Antofagasta,Tocopilla,2025,Delitos en Contexto de Violencia Intrafamiliar,55,171.2,80.5,124
Antofagasta,Tocopilla,2025,Consumo de Alcohol y Drogas en la Vía Pública,487,61.8,114.6,82.6
Antofagasta,Tocopilla,2025,Hurtos,642,140.1,105.8,95.5
Antofagasta,Tocopilla,2025,Daños,581,67,70.9,100.3
Antofagasta,Taltal,2020,Amenazas y Riñas,244,92.9,141.5,81.2
Antofagasta,Taltal,2020,Homicidios y Femicidios,659,97.2,71.6,101.7
Antofagasta,Taltal,2020,Robos con Violencia e Intimidación,260,139.7,51.6,111.1
Antofagasta,Taltal,2020,Violaciones y Delitos Sexuales,124,154.6,143.1,138.4
Antofagasta,Taltal,2020,Ley de Control de Armas,535,82.6,68.3,76.4
Antofagasta,Taltal,2020,Delitos en Contexto de Violencia Intrafamiliar,867,78.8,127.1,121.9
Antofagasta,Taltal,2020,Consumo de Alcohol y Drogas en la Vía Pública,414,90,134.7,118.7
Antofagasta,Taltal,2020,Hurtos,708,103.5,128.3,88.7
Antofagasta,Taltal,2020,Daños,474,116,57.5,81.3
Antofagasta,Taltal,2021,Amenazas y Riñas,394,73.6,81.5,120.5
Antofagasta,Taltal,2021,Homicidios y Femicidios,167,64.9,57.6,117.5
Antofagasta,Taltal,2021,Robos con Violencia e Intimidación,759,94.8,73.9,79.4
Antofagasta,Taltal,2021,Violaciones y Delitos Sexuales,735,157.8,95.6,80.5
Antofagasta,Taltal,2021,Ley de Control de Armas,999,174.6,62.2,100.2
Antofagasta,Taltal,2021,Delitos en Contexto de Violencia Intrafamiliar,855,119.1,59.9,78.3
Antofagasta,Taltal,2021,Consumo de Alcohol y Drogas en la Vía Pública,344,160.2,83.8,108
Antofagasta,Taltal,2021,Hurtos,906,116.4,99.3,87
Antofagasta,Taltal,2021,Daños,994,127.7,154,73.7
Antofagasta,Taltal,2022,Amenazas y Riñas,856,90.1,67.1,77.8
Antofagasta,Taltal,2022,Homicidios y Femicidios,972,112.3,118.8,89.9
Antofagasta,Taltal,2022,Robos con Violencia e Intimidación,668,111.6,64.7,137.2
Antofagasta,Taltal,2022,Violaciones y Delitos Sexuales,420,86.2,62.5,102.5
Antofagasta,Taltal,2022,Ley de Control de Armas,200,127.5,106.9,94.4
Antofagasta,Taltal,2022,Delitos en Contexto de Violencia Intrafamiliar,692,115.1,64.3,123.3
Antofagasta,Taltal,2022,Consumo de Alcohol y Drogas en la Vía Pública,199,160.6,89.3,138.8
Antofagasta,Taltal,2022,Hurtos,343,76.7,67.2,139
Antofagasta,Taltal,2022,Daños,718,69.8,111.2,110.7
Antofagasta,Taltal,2023,Amenazas y Riñas,366,173.5,85,134.7
Antofagasta,Taltal,2023,Homicidios y Femicidios,353,109.6,136.9,133.7
Antofagasta,Taltal,2023,Robos con Violencia e Intimidación,922,107.3,88.1,75.2
Antofagasta,Taltal,2023,Violaciones y Delitos Sexuales,175,143.6,84.7,122.3
Antofagasta,Taltal,2023,Ley de Control de Armas,863,138.4,138.4,95.7
Antofagasta,Taltal,2023,Delitos en Contexto de Violencia Intrafamiliar,641,128.7,154.2,99.2
Antofagasta,Taltal,2023,Consumo de Alcohol y Drogas en la Vía Pública,213,70.6,64.5,111.2
Antofagasta,Taltal,2023,Hurtos,720,171.9,130.5,106.4
Antofagasta,Taltal,2023,Daños,587,154.5,86.3,97.5
Antofagasta,Taltal,2024,Amenazas y Riñas,511,73.6,110.5,126.4
Antofagasta,Taltal,2024,Homicidios y Femicidios,66,64.4,52.3,107.9
Antofagasta,Taltal,2024,Robos con Violencia e Intimidación,873,81.2,150.1,107
Antofagasta,Taltal,2024,Violaciones y Delitos Sexuales,129,92.5,102.6,74.4
Antofagasta,Taltal,2024,Ley de Control de Armas,157,170.9,92.3,126.8
Antofagasta,Taltal,2024,Delitos en Contexto de Violencia Intrafamiliar,126,85.4,147.6,107.4
Antofagasta,Taltal,2024,Consumo de Alcohol y Drogas en la Vía Pública,952,114.9,151.9,97.2
Antofagasta,Taltal,2024,Hurtos,651,80.3,130.8,102.3
Antofagasta,Taltal,2024,Daños,490,123,141.2,119.6
Antofagasta,Taltal,2025,Amenazas y Riñas,965,76.5,52.2,98.6
Antofagasta,Taltal,2025,Homicidios y Femicidios,790,67.2,75.3,82.2
Antofagasta,Taltal,2025,Robos con Violencia e Intimidación,61,92.7,68,102.9
Antofagasta,Taltal,2025,Violaciones y Delitos Sexuales,244,106.6,82,103.4
Antofagasta,Taltal,2025,Ley de Control de Armas,56,172.7,52.3,86.2
Antofagasta,Taltal,2025,Delitos en Contexto de Violencia Intrafamiliar,536,123.2,148.6,83.3
Antofagasta,Taltal,2025,Consumo de Alcohol y Drogas en la Vía Pública,662,146.7,96.5,75.5
Antofagasta,Taltal,2025,Hurtos,853,91.2,88,85.6
Antofagasta,Taltal,2025,Daños,722,82,152.4,110.9
Antofagasta,Mejillones,2020,Amenazas y Riñas,62,101,80.3,131.9
Antofagasta,Mejillones,2020,Homicidios y Femicidios,934,118.6,90.2,93.9
Antofagasta,Mejillones,2020,Robos con Violencia e Intimidación,958,168.7,60.3,84.7
Antofagasta,Mejillones,2020,Violaciones y Delitos Sexuales,447,156.5,78.4,95.2
Antofagasta,Mejillones,2020,Ley de Control de Armas,918,91.7,68.2,95.4
Antofagasta,Mejillones,2020,Delitos en Contexto de Violencia Intrafamiliar,176,177.7,64.3,115
Antofagasta,Mejillones,2020,Consumo de Alcohol y Drogas en la Vía Pública,255,139.2,109.6,103.6
Antofagasta,Mejillones,2020,Hurtos,881,132.1,145.7,120
Antofagasta,Mejillones,2020,Daños,192,155.8,141.5,126.3
Antofagasta,Mejillones,2021,Amenazas y Riñas,149,146.4,103.9,103.9
Antofagasta,Mejillones,2021,Homicidios y Femicidios,649,151.4,98.3,119.3
Antofagasta,Mejillones,2021,Robos con Violencia e Intimidación,106,177,103.1,106.6
Antofagasta,Mejillones,2021,Violaciones y Delitos Sexuales,605,167.5,65.4,115
Antofagasta,Mejillones,2021,Ley de Control de Armas,288,118.1,69.8,129.7
Antofagasta,Mejillones,2021,Delitos en Contexto de Violencia Intrafamiliar,224,112.5,155.6,104.5
Antofagasta,Mejillones,2021,Consumo de Alcohol y Drogas en la Vía Pública,473,110.4,70.2,75
Antofagasta,Mejillones,2021,Hurtos,846,176.4,104.5,119.2
Antofagasta,Mejillones,2021,Daños,872,99.3,120.6,75.7
Antofagasta,Mejillones,2022,Amenazas y Riñas,950,125.6,105.5,92.4
Antofagasta,Mejillones,2022,Homicidios y Femicidios,373,144.4,70.1,73.3
Antofagasta,Mejillones,2022,Robos con Violencia e Intimidación,735,71.1,115.4,129.1
Antofagasta,Mejillones,2022,Violaciones y Delitos Sexuales,611,145.9,101.2,113.5
Antofagasta,Mejillones,2022,Ley de Control de Armas,627,176.8,141.4,118.5
Antofagasta,Mejillones,2022,Delitos en Contexto de Violencia Intrafamiliar,414,108.7,90.7,88.5
Antofagasta,Mejillones,2022,Consumo de Alcohol y Drogas en la Vía Pública,711,169.1,65.8,115.8
Antofagasta,Mejillones,2022,Hurtos,857,98.2,131.8,84.2
Antofagasta,Mejillones,2022,Daños,792,91.5,124,106.7
Antofagasta,Mejillones,2023,Amenazas y Riñas,849,111.6,108.8,78.9
Antofagasta,Mejillones,2023,Homicidios y Femicidios,777,71.9,142.7,138.2
Antofagasta,Mejillones,2023,Robos con Violencia e Intimidación,352,108.7,154.7,75.4
Antofagasta,Mejillones,2023,Violaciones y Delitos Sexuales,415,153.6,119.9,110.5
Antofagasta,Mejillones,2023,Ley de Control de Armas,133,68.2,135.8,89.9
Antofagasta,Mejillones,2023,Delitos en Contexto de Violencia Intrafamiliar,457,129,155.4,85.5
Antofagasta,Mejillones,2023,Consumo de Alcohol y Drogas en la Vía Pública,253,163,115.4,72
Antofagasta,Mejillones,2023,Hurtos,254,159.9,104.3,98.6
Antofagasta,Mejillones,2023,Daños,440,94.7,77.2,114.4
Antofagasta,Mejillones,2024,Amenazas y Riñas,536,134.9,65.1,72.8
Antofagasta,Mejillones,2024,Homicidios y Femicidios,477,146.8,75.6,103.5
Antofagasta,Mejillones,2024,Robos con Violencia e Intimidación,256,144.1,142.7,80.5
Antofagasta,Mejillones,2024,Violaciones y Delitos Sexuales,129,79,151.7,78.3
Antofagasta,Mejillones,2024,Ley de Control de Armas,506,132.3,154,93.8
Antofagasta,Mejillones,2024,Delitos en Contexto de Violencia Intrafamiliar,129,176.4,97.5,122.5
Antofagasta,Mejillones,2024,Consumo de Alcohol y Drogas en la Vía Pública,782,146.4,90.7,93.4
Antofagasta,Mejillones,2024,Hurtos,239,135.8,61.4,95.7
Antofagasta,Mejillones,2024,Daños,67,73.5,125.7,123.3
Antofagasta,Mejillones,2025,Amenazas y Riñas,943,134.2,65.3,130.6
Antofagasta,Mejillones,2025,Homicidios y Femicidios,445,106.2,105.6,74.5
Antofagasta,Mejillones,2025,Robos con Violencia e Intimidación,595,124.3,106.8,114.2
Antofagasta,Mejillones,2025,Violaciones y Delitos Sexuales,654,139.8,68.8,104.3
Antofagasta,Mejillones,2025,Ley de Control de Armas,344,82.6,79.7,118.4
Antofagasta,Mejillones,2025,Delitos en Contexto de Violencia Intrafamiliar,676,85.2,77.5,104.6
Antofagasta,Mejillones,2025,Consumo de Alcohol y Drogas en la Vía Pública,59,79.9,102.9,102.2
Antofagasta,Mejillones,2025,Hurtos,922,152.5,154.2,84.4
Antofagasta,Mejillones,2025,Daños,553,65.2,53.5,98.4
Atacama,Copiapó,2020,Amenazas y Riñas,979,93.7,132.2,93.2
Atacama,Copiapó,2020,Homicidios y Femicidios,746,126.6,138.5,101.4
Atacama,Copiapó,2020,Robos con Violencia e Intimidación,976,66,94.8,117.8
Atacama,Copiapó,2020,Violaciones y Delitos Sexuales,548,122.6,141.9,109.6
Atacama,Copiapó,2020,Ley de Control de Armas,272,138.6,81.1,113.6
Atacama,Copiapó,2020,Delitos en Contexto de Violencia Intrafamiliar,790,121,71.9,77.9
Atacama,Copiapó,2020,Consumo de Alcohol y Drogas en la Vía Pública,87,104.3,120.7,90.6
Atacama,Copiapó,2020,Hurtos,921,126.9,141.8,76.5
Atacama,Copiapó,2020,Daños,93,79.3,123.2,136.2
Atacama,Copiapó,2021,Amenazas y Riñas,137,134.9,85.7,76.9
Atacama,Copiapó,2021,Homicidios y Femicidios,728,164.6,136.9,90.9
Atacama,Copiapó,2021,Robos con Violencia e Intimidación,625,105.9,72.2,103
Atacama,Copiapó,2021,Violaciones y Delitos Sexuales,233,111,57.2,107.3
Atacama,Copiapó,2021,Ley de Control de Armas,957,114.9,124.2,124.2
Atacama,Copiapó,2021,Delitos en Contexto de Violencia Intrafamiliar,185,123.2,156.3,113
Atacama,Copiapó,2021,Consumo de Alcohol y Drogas en la Vía Pública,634,70,63.6,104
Atacama,Copiapó,2021,Hurtos,890,111.5,110.2,108.5
Atacama,Copiapó,2021,Daños,415,95.9,56.8,116.2
Atacama,Copiapó,2022,Amenazas y Riñas,285,150.2,141.8,97.7
Atacama,Copiapó,2022,Homicidios y Femicidios,660,110.3,63.2,107.5
Atacama,Copiapó,2022,Robos con Violencia e Intimidación,779,163.9,90,134.5
Atacama,Copiapó,2022,Violaciones y Delitos Sexuales,144,99.1,131.5,134.5
Atacama,Copiapó,2022,Ley de Control de Armas,521,156,67.2,104.9
Atacama,Copiapó,2022,Delitos en Contexto de Violencia Intrafamiliar,56,77.2,123,128.6
Atacama,Copiapó,2022,Consumo de Alcohol y Drogas en la Vía Pública,186,165.2,117.2,74.4
Atacama,Copiapó,2022,Hurtos,149,102,120.3,136.2
Atacama,Copiapó,2022,Daños,637,95.5,83.5,118.4
Atacama,Copiapó,2023,Amenazas y Riñas,511,112.2,97.1,127.6
Atacama,Copiapó,2023,Homicidios y Femicidios,942,154,83.5,79.9
Atacama,Copiapó,2023,Robos con Violencia e Intimidación,985,179.2,68.7,131.2
Atacama,Copiapó,2023,Violaciones y Delitos Sexuales,965,134.7,86.4,87.3
Atacama,Copiapó,2023,Ley de Control de Armas,771,168,148.8,112.2
Atacama,Copiapó,2023,Delitos en Contexto de Violencia Intrafamiliar,211,177.5,108.3,96.9
Atacama,Copiapó,2023,Consumo de Alcohol y Drogas en la Vía Pública,809,101.1,67.6,96
Atacama,Copiapó,2023,Hurtos,693,157.5,107.3,129.4
Atacama,Copiapó,2023,Daños,216,150.5,151.8,80.2
Atacama,Copiapó,2024,Amenazas y Riñas,208,138.7,100.4,80.6
Atacama,Copiapó,2024,Homicidios y Femicidios,958,118.3,123.6,100.3
Atacama,Copiapó,2024,Robos con Violencia e Intimidación,453,161.4,89.8,108.2
Atacama,Copiapó,2024,Violaciones y Delitos Sexuales,191,61.3,98.9,77.5
Atacama,Copiapó,2024,Ley de Control de Armas,244,150.9,80.6,90.3
Atacama,Copiapó,2024,Delitos en Contexto de Violencia Intrafamiliar,529,94.7,117.8,125.8
Atacama,Copiapó,2024,Consumo de Alcohol y Drogas en la Vía Pública,529,158.2,58.5,80.5
Atacama,Copiapó,2024,Hurtos,890,158.3,139.8,121.6
Atacama,Copiapó,2024,Daños,500,99.7,112.5,100.8
Atacama,Copiapó,2025,Amenazas y Riñas,406,131.6,103.2,90.2
Atacama,Copiapó,2025,Homicidios y Femicidios,828,137.4,102.7,98.4
Atacama,Copiapó,2025,Robos con Violencia e Intimidación,785,150.2,156.3,112.3
Atacama,Copiapó,2025,Violaciones y Delitos Sexuales,187,100.6,122.3,109.5
Atacama,Copiapó,2025,Ley de Control de Armas,774,105.1,117.3,99.1
Atacama,Copiapó,2025,Delitos en Contexto de Violencia Intrafamiliar,433,96.5,81.8,90.4
Atacama,Copiapó,2025,Consumo de Alcohol y Drogas en la Vía Pública,150,96.9,73.2,108.4
Atacama,Copiapó,2025,Hurtos,201,151.4,132,98.7
Atacama,Copiapó,2025,Daños,277,125.9,152.4,129.9
Atacama,Chañaral,2020,Amenazas y Riñas,123,165.2,158.6,105.8
Atacama,Chañaral,2020,Homicidios y Femicidios,954,85.2,74.5,135.4
Atacama,Chañaral,2020,Robos con Violencia e Intimidación,614,161.7,109.9,121.2
Atacama,Chañaral,2020,Violaciones y Delitos Sexuales,277,99.4,80.5,86.1
Atacama,Chañaral,2020,Ley de Control de Armas,460,137.3,111.1,91.1
Atacama,Chañaral,2020,Delitos en Contexto de Violencia Intrafamiliar,238,155.5,148.1,138.9
Atacama,Chañaral,2020,Consumo de Alcohol y Drogas en la Vía Pública,825,160.8,114.6,139.3
Atacama,Chañaral,2020,Hurtos,184,157.3,154.4,136.7
Atacama,Chañaral,2020,Daños,418,167.3,159.5,127.9
Atacama,Chañaral,2021,Amenazas y Riñas,483,83.2,97.5,132.9
Atacama,Chañaral,2021,Homicidios y Femicidios,425,103.3,78.7,80.2
Atacama,Chañaral,2021,Robos con Violencia e Intimidación,694,169.4,158,111.1
Atacama,Chañaral,2021,Violaciones y Delitos Sexuales,488,105.5,107,78.8
Atacama,Chañaral,2021,Ley de Control de Armas,817,116.9,143.2,135.2
Atacama,Chañaral,2021,Delitos en Contexto de Violencia Intrafamiliar,337,115.4,55.6,81.9
Atacama,Chañaral,2021,Consumo de Alcohol y Drogas en la Vía Pública,447,100.6,130.9,90.6
Atacama,Chañaral,2021,Hurtos,871,173.4,80.4,85.7
Atacama,Chañaral,2021,Daños,256,135.6,73.9,126.1
Atacama,Chañaral,2022,Amenazas y Riñas,655,149.6,125.9,83.7
Atacama,Chañaral,2022,Homicidios y Femicidios,99,109,53.2,79
Atacama,Chañaral,2022,Robos con Violencia e Intimidación,578,87.3,126.9,132
Atacama,Chañaral,2022,Violaciones y Delitos Sexuales,635,115.5,111.8,120.3
Atacama,Chañaral,2022,Ley de Control de Armas,706,62.4,122.7,74.3
Atacama,Chañaral,2022,Delitos en Contexto de Violencia Intrafamiliar,493,147,143.7,125.8
Atacama,Chañaral,2022,Consumo de Alcohol y Drogas en la Vía Pública,112,101.2,158.9,125.5
Atacama,Chañaral,2022,Hurtos,426,100.8,51.7,137
Atacama,Chañaral,2022,Daños,726,117.6,90.9,92.2
Atacama,Chañaral,2023,Amenazas y Riñas,715,77.9,96.2,83
Atacama,Chañaral,2023,Homicidios y Femicidios,115,112.9,125.4,90.8
Atacama,Chañaral,2023,Robos con Violencia e Intimidación,269,66.2,90.7,137.8
Atacama,Chañaral,2023,Violaciones y Delitos Sexuales,645,62.6,85.9,87.9
Atacama,Chañaral,2023,Ley de Control de Armas,991,175,85.6,82.3
Atacama,Chañaral,2023,Delitos en Contexto de Violencia Intrafamiliar,170,168.4,138.1,80
Atacama,Chañaral,2023,Consumo de Alcohol y Drogas en la Vía Pública,297,65.5,149.8,114.3
Atacama,Chañaral,2023,Hurtos,682,83.6,69.4,125
Atacama,Chañaral,2023,Daños,514,93,117.2,130.2
Atacama,Chañaral,2024,Amenazas y Riñas,729,173.3,56.3,75.9
Atacama,Chañaral,2024,Homicidios y Femicidios,891,130.4,115.7,101.3
Atacama,Chañaral,2024,Robos con Violencia e Intimidación,860,128.2,117.4,80.8
Atacama,Chañaral,2024,Violaciones y Delitos Sexuales,602,167.7,137.2,111.3
Atacama,Chañaral,2024,Ley de Control de Armas,808,78.1,50.6,81.3
Atacama,Chañaral,2024,Delitos en Contexto de Violencia Intrafamiliar,350,174.3,90.9,106.2
Atacama,Chañaral,2024,Consumo de Alcohol y Drogas en la Vía Pública,771,88.5,62.4,113.9
Atacama,Chañaral,2024,Hurtos,353,71.6,51.4,137.4
Atacama,Chañaral,2024,Daños,607,77.3,61.3,119.5
Atacama,Chañaral,2025,Amenazas y Riñas,922,161.6,64.7,82
Atacama,Chañaral,2025,Homicidios y Femicidios,926,90.7,143.2,112.1
Atacama,Chañaral,2025,Robos con Violencia e Intimidación,594,166.8,72.1,90.2
Atacama,Chañaral,2025,Violaciones y Delitos Sexuales,371,86.7,104.9,85.6
Atacama,Chañaral,2025,Ley de Control de Armas,962,67.9,81.2,82.3
Atacama,Chañaral,2025,Delitos en Contexto de Violencia Intrafamiliar,817,128.4,77.9,105.1
Atacama,Chañaral,2025,Consumo de Alcohol y Drogas en la Vía Pública,228,78.4,88.5,128.2
Atacama,Chañaral,2025,Hurtos,175,152.4,158.8,108.3
Atacama,Chañaral,2025,Daños,404,63.2,115.7,90.7
Atacama,Vallenar,2020,Amenazas y Riñas,235,92.5,113.2,74
Atacama,Vallenar,2020,Homicidios y Femicidios,572,111.4,114,136.2
Atacama,Vallenar,2020,Robos con Violencia e Intimidación,721,67.7,108,95.3
Atacama,Vallenar,2020,Violaciones y Delitos Sexuales,336,125.9,119.8,73.1
Atacama,Vallenar,2020,Ley de Control de Armas,846,60.2,81,73.1
Atacama,Vallenar,2020,Delitos en Contexto de Violencia Intrafamiliar,403,145.4,142.7,102
Atacama,Vallenar,2020,Consumo de Alcohol y Drogas en la Vía Pública,417,158.2,150.8,79.3
Atacama,Vallenar,2020,Hurtos,284,117.9,155.6,118.4
Atacama,Vallenar,2020,Daños,305,133.5,133,110.7
Atacama,Vallenar,2021,Amenazas y Riñas,161,65.2,72,127.6
Atacama,Vallenar,2021,Homicidios y Femicidios,886,152,77.7,107.1
Atacama,Vallenar,2021,Robos con Violencia e Intimidación,704,157.6,52.4,118.2
Atacama,Vallenar,2021,Violaciones y Delitos Sexuales,715,141.9,91.1,71.5
Atacama,Vallenar,2021,Ley de Control de Armas,521,157.4,153.9,77.7
Atacama,Vallenar,2021,Delitos en Contexto de Violencia Intrafamiliar,667,69.5,119.1,112.4
Atacama,Vallenar,2021,Consumo de Alcohol y Drogas en la Vía Pública,509,172.5,50.5,135.3
Atacama,Vallenar,2021,Hurtos,117,130.8,125.3,111.4
Atacama,Vallenar,2021,Daños,652,167.2,147.8,78.1
Atacama,Vallenar,2022,Amenazas y Riñas,70,139.8,114.3,139.8
Atacama,Vallenar,2022,Homicidios y Femicidios,156,87.7,122.8,128.2
Atacama,Vallenar,2022,Robos con Violencia e Intimidación,140,99.1,85,98
Atacama,Vallenar,2022,Violaciones y Delitos Sexuales,55,145,134.3,126.4
Atacama,Vallenar,2022,Ley de Control de Armas,769,100.2,156.3,115.3
Atacama,Vallenar,2022,Delitos en Contexto de Violencia Intrafamiliar,983,163.1,93,118.2
Atacama,Vallenar,2022,Consumo de Alcohol y Drogas en la Vía Pública,407,122.8,67,107.1
Atacama,Vallenar,2022,Hurtos,337,71.8,97.3,127.9
Atacama,Vallenar,2022,Daños,177,132.5,61,124.3
Atacama,Vallenar,2023,Amenazas y Riñas,758,164.6,97.7,88.3
Atacama,Vallenar,2023,Homicidios y Femicidios,807,177,157,119.5
Atacama,Vallenar,2023,Robos con Violencia e Intimidación,304,123.2,124.2,119.8
Atacama,Vallenar,2023,Violaciones y Delitos Sexuales,55,143.8,136.9,130.7
Atacama,Vallenar,2023,Ley de Control de Armas,188,157.8,103.6,105.9
Atacama,Vallenar,2023,Delitos en Contexto de Violencia Intrafamiliar,728,88.5,75,109.1
Atacama,Vallenar,2023,Consumo de Alcohol y Drogas en la Vía Pública,837,81.4,103.4,70.6
Atacama,Vallenar,2023,Hurtos,471,154.7,78.3,96.2
Atacama,Vallenar,2023,Daños,690,165.7,62.3,75.7
Atacama,Vallenar,2024,Amenazas y Riñas,463,112,91.8,104.5
Atacama,Vallenar,2024,Homicidios y Femicidios,842,164.3,53.2,135.7
Atacama,Vallenar,2024,Robos con Violencia e Intimidación,150,105.9,115.9,97.7
Atacama,Vallenar,2024,Violaciones y Delitos Sexuales,62,61.4,110.5,135.1
Atacama,Vallenar,2024,Ley de Control de Armas,534,70.6,89.5,117.8
Atacama,Vallenar,2024,Delitos en Contexto de Violencia Intrafamiliar,86,150.3,129.2,73.6
Atacama,Vallenar,2024,Consumo de Alcohol y Drogas en la Vía Pública,790,179.6,123.4,74.4
Atacama,Vallenar,2024,Hurtos,457,128.4,136.9,83.5
Atacama,Vallenar,2024,Daños,909,150.1,128.7,100.1
Atacama,Vallenar,2025,Amenazas y Riñas,52,106,123.2,119.5
Atacama,Vallenar,2025,Homicidios y Femicidios,441,162.9,153.8,104.1
Atacama,Vallenar,2025,Robos con Violencia e Intimidación,566,171.8,109.7,93.5
Atacama,Vallenar,2025,Violaciones y Delitos Sexuales,889,161.3,78.2,103.9
Atacama,Vallenar,2025,Ley de Control de Armas,264,134.1,80.3,112.8
Atacama,Vallenar,2025,Delitos en Contexto de Violencia Intrafamiliar,706,64.3,150.7,95
Atacama,Vallenar,2025,Consumo de Alcohol y Drogas en la Vía Pública,250,160.2,100.5,129.8
Atacama,Vallenar,2025,Hurtos,952,169.1,149.2,76.8
Atacama,Vallenar,2025,Daños,293,133.4,111.8,98.1
Atacama,Diego de Almagro,2020,Amenazas y Riñas,341,167.7,142.4,136.8
Atacama,Diego de Almagro,2020,Homicidios y Femicidios,719,171.2,62.8,91
Atacama,Diego de Almagro,2020,Robos con Violencia e Intimidación,906,103.8,121.9,128.6
Atacama,Diego de Almagro,2020,Violaciones y Delitos Sexuales,258,159.4,62.1,132.1
Atacama,Diego de Almagro,2020,Ley de Control de Armas,636,179.2,141.9,115.2
Atacama,Diego de Almagro,2020,Delitos en Contexto de Violencia Intrafamiliar,920,91.4,75.9,92.1
Atacama,Diego de Almagro,2020,Consumo de Alcohol y Drogas en la Vía Pública,584,159.9,124.6,94.6
Atacama,Diego de Almagro,2020,Hurtos,705,119.3,64.2,122.4
Atacama,Diego de Almagro,2020,Daños,473,169.6,145.4,139.8
Atacama,Diego de Almagro,2021,Amenazas y Riñas,675,106.9,118,113.4
Atacama,Diego de Almagro,2021,Homicidios y Femicidios,872,77.5,144.9,126.9
Atacama,Diego de Almagro,2021,Robos con Violencia e Intimidación,261,161,157.6,112.7
Atacama,Diego de Almagro,2021,Violaciones y Delitos Sexuales,698,152.3,63.9,83.8
Atacama,Diego de Almagro,2021,Ley de Control de Armas,642,74.2,130,81.1
Atacama,Diego de Almagro,2021,Delitos en Contexto de Violencia Intrafamiliar,242,130.8,113,106.2
Atacama,Diego de Almagro,2021,Consumo de Alcohol y Drogas en la Vía Pública,320,123.7,61.6,95.3
Atacama,Diego de Almagro,2021,Hurtos,105,65.9,140.6,133.9
Atacama,Diego de Almagro,2021,Daños,333,166.6,106.6,86.5
Atacama,Diego de Almagro,2022,Amenazas y Riñas,692,157.5,77.2,73.4
Atacama,Diego de Almagro,2022,Homicidios y Femicidios,958,124.4,142.5,81.6
Atacama,Diego de Almagro,2022,Robos con Violencia e Intimidación,997,110.8,100.6,112.2
Atacama,Diego de Almagro,2022,Violaciones y Delitos Sexuales,685,137.5,75.3,138.4
Atacama,Diego de Almagro,2022,Ley de Control de Armas,980,92.2,138.5,115.2
Atacama,Diego de Almagro,2022,Delitos en Contexto de Violencia Intrafamiliar,385,162.3,117,128.3
Atacama,Diego de Almagro,2022,Consumo de Alcohol y Drogas en la Vía Pública,744,66.5,54.7,132
Atacama,Diego de Almagro,2022,Hurtos,461,150.8,112.9,111.4
Atacama,Diego de Almagro,2022,Daños,585,161.7,123.5,70.9
Atacama,Diego de Almagro,2023,Amenazas y Riñas,605,117.7,61.6,98.2
Atacama,Diego de Almagro,2023,Homicidios y Femicidios,366,76.8,157.9,94.1
Atacama,Diego de Almagro,2023,Robos con Violencia e Intimidación,549,113.2,93.9,117.5
Atacama,Diego de Almagro,2023,Violaciones y Delitos Sexuales,635,150.9,149.7,133.5
Atacama,Diego de Almagro,2023,Ley de Control de Armas,511,88.4,54.1,105.7
Atacama,Diego de Almagro,2023,Delitos en Contexto de Violencia Intrafamiliar,306,160.2,101.5,117.8
Atacama,Diego de Almagro,2023,Consumo de Alcohol y Drogas en la Vía Pública,174,117.7,65.7,99.4
Atacama,Diego de Almagro,2023,Hurtos,459,106.1,62.2,137.2
Atacama,Diego de Almagro,2023,Daños,556,83.2,150.7,83.6
Atacama,Diego de Almagro,2024,Amenazas y Riñas,458,78.7,98.4,71.2
Atacama,Diego de Almagro,2024,Homicidios y Femicidios,498,99.1,55.1,94.3
Atacama,Diego de Almagro,2024,Robos con Violencia e Intimidación,315,162.9,118.2,102.2
Atacama,Diego de Almagro,2024,Violaciones y Delitos Sexuales,408,101.7,124.1,125.3
Atacama,Diego de Almagro,2024,Ley de Control de Armas,364,86.5,69.7,80.3
Atacama,Diego de Almagro,2024,Delitos en Contexto de Violencia Intrafamiliar,112,172.5,141.7,131.3
Atacama,Diego de Almagro,2024,Consumo de Alcohol y Drogas en la Vía Pública,358,84.7,56.6,131.6
Atacama,Diego de Almagro,2024,Hurtos,221,95.6,142.4,124.1
Atacama,Diego de Almagro,2024,Daños,379,106.3,146.1,96.1
Atacama,Diego de Almagro,2025,Amenazas y Riñas,290,134,55.8,71.3
Atacama,Diego de Almagro,2025,Homicidios y Femicidios,877,151.7,96.8,133.2
Atacama,Diego de Almagro,2025,Robos con Violencia e Intimidación,95,70.9,64.9,76.9
Atacama,Diego de Almagro,2025,Violaciones y Delitos Sexuales,753,63.5,73.1,110.4
Atacama,Diego de Almagro,2025,Ley de Control de Armas,820,76.7,108.5,76.3
Atacama,Diego de Almagro,2025,Delitos en Contexto de Violencia Intrafamiliar,448,64.7,51.1,116.2
Atacama,Diego de Almagro,2025,Consumo de Alcohol y Drogas en la Vía Pública,375,83,82.4,112.4
Atacama,Diego de Almagro,2025,Hurtos,931,165.7,79.3,95.7
Atacama,Diego de Almagro,2025,Daños,740,171.8,76.8,75
Atacama,Tierra Amarilla,2020,Amenazas y Riñas,964,119,82.8,127.1
Atacama,Tierra Amarilla,2020,Homicidios y Femicidios,826,98.9,84.9,135.6
Atacama,Tierra Amarilla,2020,Robos con Violencia e Intimidación,840,67.1,75.5,85.8
Atacama,Tierra Amarilla,2020,Violaciones y Delitos Sexuales,181,167.7,124.8,86.2
Atacama,Tierra Amarilla,2020,Ley de Control de Armas,99,167.5,74.2,107.7
Atacama,Tierra Amarilla,2020,Delitos en Contexto de Violencia Intrafamiliar,838,82,129,130.8
Atacama,Tierra Amarilla,2020,Consumo de Alcohol y Drogas en la Vía Pública,993,104.7,133,78.4
Atacama,Tierra Amarilla,2020,Hurtos,648,101.8,51.6,73.4
Atacama,Tierra Amarilla,2020,Daños,561,123.6,95.5,109.5
Atacama,Tierra Amarilla,2021,Amenazas y Riñas,686,82.7,82.5,88.2
Atacama,Tierra Amarilla,2021,Homicidios y Femicidios,556,101.7,113.7,86.7
Atacama,Tierra Amarilla,2021,Robos con Violencia e Intimidación,239,155.7,147.7,81.6
Atacama,Tierra Amarilla,2021,Violaciones y Delitos Sexuales,508,94.6,84,109.3
Atacama,Tierra Amarilla,2021,Ley de Control de Armas,998,127.4,126.2,117.5
Atacama,Tierra Amarilla,2021,Delitos en Contexto de Violencia Intrafamiliar,123,79.8,74.4,78.1
Atacama,Tierra Amarilla,2021,Consumo de Alcohol y Drogas en la Vía Pública,182,137.7,155.4,104.8
Atacama,Tierra Amarilla,2021,Hurtos,169,147.3,109.6,102.9
Atacama,Tierra Amarilla,2021,Daños,758,164.5,63.6,134.5
Atacama,Tierra Amarilla,2022,Amenazas y Riñas,841,60,89,98.8
Atacama,Tierra Amarilla,2022,Homicidios y Femicidios,538,124.8,158,137.9
Atacama,Tierra Amarilla,2022,Robos con Violencia e Intimidación,461,113.7,50.8,135.3
Atacama,Tierra Amarilla,2022,Violaciones y Delitos Sexuales,734,115.4,150.6,75.1
Atacama,Tierra Amarilla,2022,Ley de Control de Armas,81,75.2,51.7,83.9
Atacama,Tierra Amarilla,2022,Delitos en Contexto de Violencia Intrafamiliar,854,161.4,62.9,128.1
Atacama,Tierra Amarilla,2022,Consumo de Alcohol y Drogas en la Vía Pública,303,81.3,134.2,138.7
Atacama,Tierra Amarilla,2022,Hurtos,125,144.6,77.5,118.2
Atacama,Tierra Amarilla,2022,Daños,568,60.3,74.6,139.5
Atacama,Tierra Amarilla,2023,Amenazas y Riñas,720,141.3,147.8,122.9
Atacama,Tierra Amarilla,2023,Homicidios y Femicidios,535,97,126,94.9
Atacama,Tierra Amarilla,2023,Robos con Violencia e Intimidación,939,104.3,157.7,75.6
Atacama,Tierra Amarilla,2023,Violaciones y Delitos Sexuales,715,92,128,95.5
Atacama,Tierra Amarilla,2023,Ley de Control de Armas,89,82,101.3,137.7
Atacama,Tierra Amarilla,2023,Delitos en Contexto de Violencia Intrafamiliar,961,139.8,96.7,87
Atacama,Tierra Amarilla,2023,Consumo de Alcohol y Drogas en la Vía Pública,723,103.4,67.9,121.1
Atacama,Tierra Amarilla,2023,Hurtos,87,92.7,155.3,92.9
Atacama,Tierra Amarilla,2023,Daños,607,113.1,72.8,139.7
Atacama,Tierra Amarilla,2024,Amenazas y Riñas,427,90.2,81.1,139.4
Atacama,Tierra Amarilla,2024,Homicidios y Femicidios,490,65,123.7,108.6
Atacama,Tierra Amarilla,2024,Robos con Violencia e Intimidación,289,167.7,107.1,103.9
Atacama,Tierra Amarilla,2024,Violaciones y Delitos Sexuales,76,85.7,159.9,132.6
Atacama,Tierra Amarilla,2024,Ley de Control de Armas,974,124.5,103.2,115.3
Atacama,Tierra Amarilla,2024,Delitos en Contexto de Violencia Intrafamiliar,143,80.9,56.3,75.6
Atacama,Tierra Amarilla,2024,Consumo de Alcohol y Drogas en la Vía Pública,561,147.1,78,91.3
Atacama,Tierra Amarilla,2024,Hurtos,681,113.4,129.5,103.8
Atacama,Tierra Amarilla,2024,Daños,956,105.3,102.2,84.9
Atacama,Tierra Amarilla,2025,Amenazas y Riñas,823,93.2,95.3,99.8
Atacama,Tierra Amarilla,2025,Homicidios y Femicidios,570,161.5,129,109.7
Atacama,Tierra Amarilla,2025,Robos con Violencia e Intimidación,80,163.5,64.4,88.6
Atacama,Tierra Amarilla,2025,Violaciones y Delitos Sexuales,115,151,74.7,92.1
Atacama,Tierra Amarilla,2025,Ley de Control de Armas,833,70.1,141.1,92.3
Atacama,Tierra Amarilla,2025,Delitos en Contexto de Violencia Intrafamiliar,367,174.1,63.9,95.4
Atacama,Tierra Amarilla,2025,Consumo de Alcohol y Drogas en la Vía Pública,188,70,136.1,83.2
Atacama,Tierra Amarilla,2025,Hurtos,639,166.4,83.4,82.4
Atacama,Tierra Amarilla,2025,Daños,438,62.8,115.2,76.2
Coquimbo,La Serena,2020,Amenazas y Riñas,670,114.7,95.4,70.4
Coquimbo,La Serena,2020,Homicidios y Femicidios,355,141.1,104.5,113
Coquimbo,La Serena,2020,Robos con Violencia e Intimidación,486,132.5,149.1,117.6
Coquimbo,La Serena,2020,Violaciones y Delitos Sexuales,654,140.3,126.9,101
Coquimbo,La Serena,2020,Ley de Control de Armas,574,78.6,64.7,94.9
Coquimbo,La Serena,2020,Delitos en Contexto de Violencia Intrafamiliar,733,69.5,116.4,104.5
Coquimbo,La Serena,2020,Consumo de Alcohol y Drogas en la Vía Pública,173,74.7,145.6,131.3
Coquimbo,La Serena,2020,Hurtos,291,104.5,142,124.3
Coquimbo,La Serena,2020,Daños,404,143.7,100.1,75.1
Coquimbo,La Serena,2021,Amenazas y Riñas,123,65.3,73.1,105.8
Coquimbo,La Serena,2021,Homicidios y Femicidios,144,104.7,130.7,111.9
Coquimbo,La Serena,2021,Robos con Violencia e Intimidación,57,93.9,79.3,118.6
Coquimbo,La Serena,2021,Violaciones y Delitos Sexuales,695,165.5,119.7,106.1
Coquimbo,La Serena,2021,Ley de Control de Armas,769,124.6,121.9,104.5
Coquimbo,La Serena,2021,Delitos en Contexto de Violencia Intrafamiliar,782,124.9,103.6,138.9
Coquimbo,La Serena,2021,Consumo de Alcohol y Drogas en la Vía Pública,348,143.9,128.5,118.4
Coquimbo,La Serena,2021,Hurtos,128,166.2,136.9,113.7
Coquimbo,La Serena,2021,Daños,334,109.8,113.2,125.7
Coquimbo,La Serena,2022,Amenazas y Riñas,486,93.9,70,116
Coquimbo,La Serena,2022,Homicidios y Femicidios,66,65.4,108.3,112.6
Coquimbo,La Serena,2022,Robos con Violencia e Intimidación,497,163.1,123.7,101.8
Coquimbo,La Serena,2022,Violaciones y Delitos Sexuales,189,68,63.9,103.2
Coquimbo,La Serena,2022,Ley de Control de Armas,347,166.3,79.3,139.6
Coquimbo,La Serena,2022,Delitos en Contexto de Violencia Intrafamiliar,191,164.3,59.4,132
Coquimbo,La Serena,2022,Consumo de Alcohol y Drogas en la Vía Pública,870,99.6,114.4,75.2
Coquimbo,La Serena,2022,Hurtos,268,168.5,99,90.8
Coquimbo,La Serena,2022,Daños,539,167.9,82.9,128.6
Coquimbo,La Serena,2023,Amenazas y Riñas,871,158.9,111.1,119
Coquimbo,La Serena,2023,Homicidios y Femicidios,139,110,70.1,113.1
Coquimbo,La Serena,2023,Robos con Violencia e Intimidación,695,106.5,104.1,89
Coquimbo,La Serena,2023,Violaciones y Delitos Sexuales,170,144.9,111.4,104.9
Coquimbo,La Serena,2023,Ley de Control de Armas,691,103.2,68.9,123.5
Coquimbo,La Serena,2023,Delitos en Contexto de Violencia Intrafamiliar,341,141.4,91.6,71.1
Coquimbo,La Serena,2023,Consumo de Alcohol y Drogas en la Vía Pública,884,151.5,69.8,118.6
Coquimbo,La Serena,2023,Hurtos,790,74.4,134.6,120.4
Coquimbo,La Serena,2023,Daños,487,154.9,89.9,88.5
Coquimbo,La Serena,2024,Amenazas y Riñas,896,155.9,152,89.1
Coquimbo,La Serena,2024,Homicidios y Femicidios,161,111,126.3,129.5
Coquimbo,La Serena,2024,Robos con Violencia e Intimidación,267,78.2,112.2,116.1
Coquimbo,La Serena,2024,Violaciones y Delitos Sexuales,897,147.3,137.2,119.6
Coquimbo,La Serena,2024,Ley de Control de Armas,435,84.1,87.6,131.4
Coquimbo,La Serena,2024,Delitos en Contexto de Violencia Intrafamiliar,239,122.9,114,105.7
Coquimbo,La Serena,2024,Consumo de Alcohol y Drogas en la Vía Pública,997,165.9,64.2,136
Coquimbo,La Serena,2024,Hurtos,980,122.1,87.1,90.6
Coquimbo,La Serena,2024,Daños,410,179.6,82.7,89.7
Coquimbo,La Serena,2025,Amenazas y Riñas,566,101.3,118.4,89.2
Coquimbo,La Serena,2025,Homicidios y Femicidios,983,127.8,140.3,83.6
Coquimbo,La Serena,2025,Robos con Violencia e Intimidación,506,63,105.6,132.4
Coquimbo,La Serena,2025,Violaciones y Delitos Sexuales,448,137.4,123,123.9
Coquimbo,La Serena,2025,Ley de Control de Armas,905,161.1,68.4,126.5
Coquimbo,La Serena,2025,Delitos en Contexto de Violencia Intrafamiliar,843,147,113,92.6
Coquimbo,La Serena,2025,Consumo de Alcohol y Drogas en la Vía Pública,229,62.3,77.2,107.3
Coquimbo,La Serena,2025,Hurtos,483,152.3,121.5,127.1
Coquimbo,La Serena,2025,Daños,570,137.6,110.2,117.9
Coquimbo,Coquimbo,2020,Amenazas y Riñas,912,67.5,71.7,102.5
Coquimbo,Coquimbo,2020,Homicidios y Femicidios,801,137.3,51.5,115
Coquimbo,Coquimbo,2020,Robos con Violencia e Intimidación,258,94.5,143.2,135.5
Coquimbo,Coquimbo,2020,Violaciones y Delitos Sexuales,386,137.7,117.4,135.7
Coquimbo,Coquimbo,2020,Ley de Control de Armas,569,84.6,137.2,115.5
Coquimbo,Coquimbo,2020,Delitos en Contexto de Violencia Intrafamiliar,598,161.9,145.5,114.5
Coquimbo,Coquimbo,2020,Consumo de Alcohol y Drogas en la Vía Pública,530,99.2,99.8,102.8
Coquimbo,Coquimbo,2020,Hurtos,317,147.1,92.2,125.7
Coquimbo,Coquimbo,2020,Daños,280,164.7,138.1,75.3
Coquimbo,Coquimbo,2021,Amenazas y Riñas,729,109.4,54.2,137.5
Coquimbo,Coquimbo,2021,Homicidios y Femicidios,221,136.1,114.8,109.8
Coquimbo,Coquimbo,2021,Robos con Violencia e Intimidación,531,104.6,92.8,75.4
Coquimbo,Coquimbo,2021,Violaciones y Delitos Sexuales,596,89.2,94.4,135.6
Coquimbo,Coquimbo,2021,Ley de Control de Armas,582,101.8,104.5,97.8
Coquimbo,Coquimbo,2021,Delitos en Contexto de Violencia Intrafamiliar,805,136.2,85,72.3
Coquimbo,Coquimbo,2021,Consumo de Alcohol y Drogas en la Vía Pública,445,149.8,125.7,124.2
Coquimbo,Coquimbo,2021,Hurtos,825,130.5,129,95.3
Coquimbo,Coquimbo,2021,Daños,983,81.2,74.6,128.8
Coquimbo,Coquimbo,2022,Amenazas y Riñas,913,84.3,146.7,88.3
Coquimbo,Coquimbo,2022,Homicidios y Femicidios,846,87.1,79.5,97.9
Coquimbo,Coquimbo,2022,Robos con Violencia e Intimidación,450,134.4,50.3,135.5
Coquimbo,Coquimbo,2022,Violaciones y Delitos Sexuales,385,131.4,107,117.4
Coquimbo,Coquimbo,2022,Ley de Control de Armas,694,152.8,81,87.7
Coquimbo,Coquimbo,2022,Delitos en Contexto de Violencia Intrafamiliar,62,113,61,70.8
Coquimbo,Coquimbo,2022,Consumo de Alcohol y Drogas en la Vía Pública,182,81.4,147.1,73.6
Coquimbo,Coquimbo,2022,Hurtos,770,122.5,154,137.6
Coquimbo,Coquimbo,2022,Daños,725,145.2,100.4,133.1
Coquimbo,Coquimbo,2023,Amenazas y Riñas,753,137.4,81.5,93.3
Coquimbo,Coquimbo,2023,Homicidios y Femicidios,764,65.6,52.8,95.7
Coquimbo,Coquimbo,2023,Robos con Violencia e Intimidación,781,119.5,54.5,73.8
Coquimbo,Coquimbo,2023,Violaciones y Delitos Sexuales,775,62.2,129.4,78.4
Coquimbo,Coquimbo,2023,Ley de Control de Armas,865,143.2,154.7,139.6
Coquimbo,Coquimbo,2023,Delitos en Contexto de Violencia Intrafamiliar,200,90.4,87,110.3
Coquimbo,Coquimbo,2023,Consumo de Alcohol y Drogas en la Vía Pública,374,168,90.9,98.4
Coquimbo,Coquimbo,2023,Hurtos,440,130,75.4,127.4
Coquimbo,Coquimbo,2023,Daños,166,128.8,150.9,75.7
Coquimbo,Coquimbo,2024,Amenazas y Riñas,406,98,58.5,76.1
Coquimbo,Coquimbo,2024,Homicidios y Femicidios,229,66.6,90.9,112.6
Coquimbo,Coquimbo,2024,Robos con Violencia e Intimidación,825,117.9,131.7,125.2
Coquimbo,Coquimbo,2024,Violaciones y Delitos Sexuales,357,148.5,82.4,120.5
Coquimbo,Coquimbo,2024,Ley de Control de Armas,205,78.8,56,114.4
Coquimbo,Coquimbo,2024,Delitos en Contexto de Violencia Intrafamiliar,399,135.5,78.6,100.2
Coquimbo,Coquimbo,2024,Consumo de Alcohol y Drogas en la Vía Pública,57,167,63.1,135.8
Coquimbo,Coquimbo,2024,Hurtos,545,74.3,76.6,135.7
Coquimbo,Coquimbo,2024,Daños,937,66.3,141.3,75.6
Coquimbo,Coquimbo,2025,Amenazas y Riñas,426,96.2,70.2,99.9
Coquimbo,Coquimbo,2025,Homicidios y Femicidios,392,104.3,73,72.2
Coquimbo,Coquimbo,2025,Robos con Violencia e Intimidación,426,142.3,54.8,130.2
Coquimbo,Coquimbo,2025,Violaciones y Delitos Sexuales,322,70.9,63.5,120.6
Coquimbo,Coquimbo,2025,Ley de Control de Armas,537,102.1,69.9,122.2
Coquimbo,Coquimbo,2025,Delitos en Contexto de Violencia Intrafamiliar,651,164.3,54.3,133.3
Coquimbo,Coquimbo,2025,Consumo de Alcohol y Drogas en la Vía Pública,397,88.4,109.5,100
Coquimbo,Coquimbo,2025,Hurtos,365,173.9,108.9,106.7
Coquimbo,Coquimbo,2025,Daños,101,142.2,80.1,105.5
Coquimbo,Illapel,2020,Amenazas y Riñas,266,128.3,144.8,76
Coquimbo,Illapel,2020,Homicidios y Femicidios,608,136.2,91.1,73.8
Coquimbo,Illapel,2020,Robos con Violencia e Intimidación,489,62.7,153.4,96.2
Coquimbo,Illapel,2020,Violaciones y Delitos Sexuales,287,74.4,146.7,113
Coquimbo,Illapel,2020,Ley de Control de Armas,658,160.4,143.5,80
Coquimbo,Illapel,2020,Delitos en Contexto de Violencia Intrafamiliar,693,80,141.2,84.9
Coquimbo,Illapel,2020,Consumo de Alcohol y Drogas en la Vía Pública,477,167.5,150,139.5
Coquimbo,Illapel,2020,Hurtos,763,89.3,74.6,115.9
Coquimbo,Illapel,2020,Daños,179,161.6,122.4,133.4
Coquimbo,Illapel,2021,Amenazas y Riñas,768,146.9,51.6,76.1
Coquimbo,Illapel,2021,Homicidios y Femicidios,52,131.7,144.9,71.8
Coquimbo,Illapel,2021,Robos con Violencia e Intimidación,651,106.9,78.1,82.1
Coquimbo,Illapel,2021,Violaciones y Delitos Sexuales,721,128.9,121.2,121.8
Coquimbo,Illapel,2021,Ley de Control de Armas,824,133,96.9,83.1
Coquimbo,Illapel,2021,Delitos en Contexto de Violencia Intrafamiliar,82,78.7,55.6,136.5
Coquimbo,Illapel,2021,Consumo de Alcohol y Drogas en la Vía Pública,517,152.5,58.1,92.5
Coquimbo,Illapel,2021,Hurtos,919,123.3,140.6,137.2
Coquimbo,Illapel,2021,Daños,387,172.4,93.8,101.1
Coquimbo,Illapel,2022,Amenazas y Riñas,292,136,135,95
Coquimbo,Illapel,2022,Homicidios y Femicidios,323,98,143.3,130.3
Coquimbo,Illapel,2022,Robos con Violencia e Intimidación,184,101.1,116,110.5
Coquimbo,Illapel,2022,Violaciones y Delitos Sexuales,93,72.4,77.4,70.2
Coquimbo,Illapel,2022,Ley de Control de Armas,827,117.1,59,81.6
Coquimbo,Illapel,2022,Delitos en Contexto de Violencia Intrafamiliar,459,154.2,83.1,85.4
Coquimbo,Illapel,2022,Consumo de Alcohol y Drogas en la Vía Pública,190,127.1,119.8,91.9
Coquimbo,Illapel,2022,Hurtos,586,166.9,140.8,121.3
Coquimbo,Illapel,2022,Daños,71,126.3,57.8,99.5
Coquimbo,Illapel,2023,Amenazas y Riñas,469,98.4,139.1,88.7
Coquimbo,Illapel,2023,Homicidios y Femicidios,953,94.5,92,98.4
Coquimbo,Illapel,2023,Robos con Violencia e Intimidación,464,140.9,132.5,122.9
Coquimbo,Illapel,2023,Violaciones y Delitos Sexuales,529,69.4,115.2,118.4
Coquimbo,Illapel,2023,Ley de Control de Armas,918,167.7,105.9,89.9
Coquimbo,Illapel,2023,Delitos en Contexto de Violencia Intrafamiliar,185,125.6,107.8,85.5
Coquimbo,Illapel,2023,Consumo de Alcohol y Drogas en la Vía Pública,881,169.6,82.7,134.2
Coquimbo,Illapel,2023,Hurtos,466,76.1,109.3,125.5
Coquimbo,Illapel,2023,Daños,873,136.3,153.8,74.6
Coquimbo,Illapel,2024,Amenazas y Riñas,318,161.4,91.8,131.3
Coquimbo,Illapel,2024,Homicidios y Femicidios,919,123.4,74.6,136
Coquimbo,Illapel,2024,Robos con Violencia e Intimidación,816,135.4,63.6,87.8
Coquimbo,Illapel,2024,Violaciones y Delitos Sexuales,840,92.3,73.7,75.6
Coquimbo,Illapel,2024,Ley de Control de Armas,655,176.1,124.6,113.5
Coquimbo,Illapel,2024,Delitos en Contexto de Violencia Intrafamiliar,598,177.9,117.6,120.7
Coquimbo,Illapel,2024,Consumo de Alcohol y Drogas en la Vía Pública,920,77.4,116.1,75.1
Coquimbo,Illapel,2024,Hurtos,254,108.1,111.2,124.9
Coquimbo,Illapel,2024,Daños,603,129.5,103.4,97.8
Coquimbo,Illapel,2025,Amenazas y Riñas,800,122.5,75.2,94.5
Coquimbo,Illapel,2025,Homicidios y Femicidios,197,129.2,152.6,127.3
Coquimbo,Illapel,2025,Robos con Violencia e Intimidación,122,114.9,66.9,72
Coquimbo,Illapel,2025,Violaciones y Delitos Sexuales,785,110.9,149.1,130.2
Coquimbo,Illapel,2025,Ley de Control de Armas,604,117.7,83.8,123.8
Coquimbo,Illapel,2025,Delitos en Contexto de Violencia Intrafamiliar,141,85.5,91.7,114.5
Coquimbo,Illapel,2025,Consumo de Alcohol y Drogas en la Vía Pública,704,118.9,127,116.5
Coquimbo,Illapel,2025,Hurtos,94,137.5,52.3,94.8
Coquimbo,Illapel,2025,Daños,943,83.5,57.1,95.7
Coquimbo,Los Vilos,2020,Amenazas y Riñas,879,80.7,121.1,101.2
Coquimbo,Los Vilos,2020,Homicidios y Femicidios,150,102.5,55.3,102
Coquimbo,Los Vilos,2020,Robos con Violencia e Intimidación,650,69,118,105.1
Coquimbo,Los Vilos,2020,Violaciones y Delitos Sexuales,462,95.8,105,121.3
Coquimbo,Los Vilos,2020,Ley de Control de Armas,344,94.6,95.5,89.5
Coquimbo,Los Vilos,2020,Delitos en Contexto de Violencia Intrafamiliar,306,77.7,142.9,83.8
Coquimbo,Los Vilos,2020,Consumo de Alcohol y Drogas en la Vía Pública,833,165.2,92.4,88.9
Coquimbo,Los Vilos,2020,Hurtos,429,81.2,154.1,102
Coquimbo,Los Vilos,2020,Daños,944,138.2,148.6,100.5
Coquimbo,Los Vilos,2021,Amenazas y Riñas,939,178.9,152.2,91.3
Coquimbo,Los Vilos,2021,Homicidios y Femicidios,429,79.6,108.1,87
Coquimbo,Los Vilos,2021,Robos con Violencia e Intimidación,552,65.3,138.8,139.2
Coquimbo,Los Vilos,2021,Violaciones y Delitos Sexuales,576,135.5,77.6,79.2
Coquimbo,Los Vilos,2021,Ley de Control de Armas,103,79.3,78.3,137.1
Coquimbo,Los Vilos,2021,Delitos en Contexto de Violencia Intrafamiliar,845,135.5,153.4,70.1
Coquimbo,Los Vilos,2021,Consumo de Alcohol y Drogas en la Vía Pública,611,164.7,103.5,138.3
Coquimbo,Los Vilos,2021,Hurtos,428,81.5,103.7,70.2
Coquimbo,Los Vilos,2021,Daños,128,87.9,133.9,138.9
Coquimbo,Los Vilos,2022,Amenazas y Riñas,654,100.1,55.3,132.6
Coquimbo,Los Vilos,2022,Homicidios y Femicidios,286,157.1,139.6,112.2
Coquimbo,Los Vilos,2022,Robos con Violencia e Intimidación,871,126.4,128.2,113.1
Coquimbo,Los Vilos,2022,Violaciones y Delitos Sexuales,155,77.3,105,112.1
Coquimbo,Los Vilos,2022,Ley de Control de Armas,931,94.4,67.5,108.5
Coquimbo,Los Vilos,2022,Delitos en Contexto de Violencia Intrafamiliar,871,95.1,133.9,128.2
Coquimbo,Los Vilos,2022,Consumo de Alcohol y Drogas en la Vía Pública,314,132.7,103.8,84.3
Coquimbo,Los Vilos,2022,Hurtos,919,104.2,159,97.3
Coquimbo,Los Vilos,2022,Daños,587,132.6,137.6,128.2
Coquimbo,Los Vilos,2023,Amenazas y Riñas,288,98.6,50.9,72.4
Coquimbo,Los Vilos,2023,Homicidios y Femicidios,829,85.9,149.3,120.7
Coquimbo,Los Vilos,2023,Robos con Violencia e Intimidación,398,162.9,141.5,95.4
Coquimbo,Los Vilos,2023,Violaciones y Delitos Sexuales,629,120.3,105,125.5
Coquimbo,Los Vilos,2023,Ley de Control de Armas,110,158.5,102.7,74.8
Coquimbo,Los Vilos,2023,Delitos en Contexto de Violencia Intrafamiliar,606,175.5,63.5,96.1
Coquimbo,Los Vilos,2023,Consumo de Alcohol y Drogas en la Vía Pública,86,70.2,80.4,129.1
Coquimbo,Los Vilos,2023,Hurtos,877,105.5,145.1,103.5
Coquimbo,Los Vilos,2023,Daños,217,104.4,100.8,79.8
Coquimbo,Los Vilos,2024,Amenazas y Riñas,485,129.1,82.3,86.8
Coquimbo,Los Vilos,2024,Homicidios y Femicidios,528,159.5,123.3,139.1
Coquimbo,Los Vilos,2024,Robos con Violencia e Intimidación,928,169.1,69.3,109.3
Coquimbo,Los Vilos,2024,Violaciones y Delitos Sexuales,234,74.7,90.5,139.9
Coquimbo,Los Vilos,2024,Ley de Control de Armas,189,108.6,98.3,123.9
Coquimbo,Los Vilos,2024,Delitos en Contexto de Violencia Intrafamiliar,974,102.1,105,74.3
Coquimbo,Los Vilos,2024,Consumo de Alcohol y Drogas en la Vía Pública,544,124.8,72.4,71.6
Coquimbo,Los Vilos,2024,Hurtos,385,164.4,128.2,117.2
Coquimbo,Los Vilos,2024,Daños,740,81,135,130.9
Coquimbo,Los Vilos,2025,Amenazas y Riñas,293,87,131.1,118.1
Coquimbo,Los Vilos,2025,Homicidios y Femicidios,981,71.9,72.1,102.5
Coquimbo,Los Vilos,2025,Robos con Violencia e Intimidación,795,151.9,93.6,107.1
Coquimbo,Los Vilos,2025,Violaciones y Delitos Sexuales,157,62.7,106.6,128.2
Coquimbo,Los Vilos,2025,Ley de Control de Armas,568,168,107.3,94.3
Coquimbo,Los Vilos,2025,Delitos en Contexto de Violencia Intrafamiliar,850,135.8,139.2,136.8
Coquimbo,Los Vilos,2025,Consumo de Alcohol y Drogas en la Vía Pública,900,84.5,113.1,122.9
Coquimbo,Los Vilos,2025,Hurtos,750,72.9,98.3,90.5
Coquimbo,Los Vilos,2025,Daños,781,135.1,98.2,106.8
Coquimbo,Ovalle,2020,Amenazas y Riñas,507,131.4,67.9,82.8
Coquimbo,Ovalle,2020,Homicidios y Femicidios,608,121.2,125.7,98.1
Coquimbo,Ovalle,2020,Robos con Violencia e Intimidación,68,64.1,153.5,106.4
Coquimbo,Ovalle,2020,Violaciones y Delitos Sexuales,273,128.2,54.5,130.6
Coquimbo,Ovalle,2020,Ley de Control de Armas,900,122,73.8,89.3
Coquimbo,Ovalle,2020,Delitos en Contexto de Violencia Intrafamiliar,191,137.7,143.3,123.5
Coquimbo,Ovalle,2020,Consumo de Alcohol y Drogas en la Vía Pública,257,114.6,66.7,76.4
Coquimbo,Ovalle,2020,Hurtos,200,89.1,110.2,88.7
Coquimbo,Ovalle,2020,Daños,975,159.4,62.1,123.1
Coquimbo,Ovalle,2021,Amenazas y Riñas,83,118,121,117.6
Coquimbo,Ovalle,2021,Homicidios y Femicidios,263,76.5,127.4,120.4
Coquimbo,Ovalle,2021,Robos con Violencia e Intimidación,115,111.9,141.9,128.8
Coquimbo,Ovalle,2021,Violaciones y Delitos Sexuales,345,130.3,110.2,102.6
Coquimbo,Ovalle,2021,Ley de Control de Armas,779,63.7,136.7,125.4
Coquimbo,Ovalle,2021,Delitos en Contexto de Violencia Intrafamiliar,618,77.2,114.8,108.9
Coquimbo,Ovalle,2021,Consumo de Alcohol y Drogas en la Vía Pública,500,153.1,158.7,92.3
Coquimbo,Ovalle,2021,Hurtos,731,101.3,55.3,89.1
Coquimbo,Ovalle,2021,Daños,229,145.7,81.2,105.5
Coquimbo,Ovalle,2022,Amenazas y Riñas,164,119.1,98.8,130.9
Coquimbo,Ovalle,2022,Homicidios y Femicidios,151,138.9,91.7,71.4
Coquimbo,Ovalle,2022,Robos con Violencia e Intimidación,552,146.8,71.9,105.4
Coquimbo,Ovalle,2022,Violaciones y Delitos Sexuales,89,151.7,156.7,111.1
Coquimbo,Ovalle,2022,Ley de Control de Armas,678,172,52.2,121.2
Coquimbo,Ovalle,2022,Delitos en Contexto de Violencia Intrafamiliar,166,126.4,114.4,134.9
Coquimbo,Ovalle,2022,Consumo de Alcohol y Drogas en la Vía Pública,825,109.8,56.5,104.6
Coquimbo,Ovalle,2022,Hurtos,927,166.6,74.9,87.1
Coquimbo,Ovalle,2022,Daños,679,162.5,155.6,137.8
Coquimbo,Ovalle,2023,Amenazas y Riñas,958,112.4,151.6,96.6
Coquimbo,Ovalle,2023,Homicidios y Femicidios,187,97,64.6,107.9
Coquimbo,Ovalle,2023,Robos con Violencia e Intimidación,106,68.6,159,129.6
Coquimbo,Ovalle,2023,Violaciones y Delitos Sexuales,637,154.3,89.7,94.5
Coquimbo,Ovalle,2023,Ley de Control de Armas,524,87.1,71,92.7
Coquimbo,Ovalle,2023,Delitos en Contexto de Violencia Intrafamiliar,690,135,103.8,121.7
Coquimbo,Ovalle,2023,Consumo de Alcohol y Drogas en la Vía Pública,221,69.6,143,122.5
Coquimbo,Ovalle,2023,Hurtos,177,103.5,108.1,117.3
Coquimbo,Ovalle,2023,Daños,578,105.1,119.7,71.6
Coquimbo,Ovalle,2024,Amenazas y Riñas,548,118.6,89.6,110.8
Coquimbo,Ovalle,2024,Homicidios y Femicidios,920,130.5,80.5,103.3
Coquimbo,Ovalle,2024,Robos con Violencia e Intimidación,633,94.9,119.9,79.9
Coquimbo,Ovalle,2024,Violaciones y Delitos Sexuales,301,85.1,159.7,129.7
Coquimbo,Ovalle,2024,Ley de Control de Armas,359,77.6,90.2,86.9
Coquimbo,Ovalle,2024,Delitos en Contexto de Violencia Intrafamiliar,282,172.6,146.8,75.2
Coquimbo,Ovalle,2024,Consumo de Alcohol y Drogas en la Vía Pública,708,66.6,60.3,76.1
Coquimbo,Ovalle,2024,Hurtos,155,77.3,107.7,106.2
Coquimbo,Ovalle,2024,Daños,869,125.3,144.5,86.1
Coquimbo,Ovalle,2025,Amenazas y Riñas,107,150.2,92.5,75.3
Coquimbo,Ovalle,2025,Homicidios y Femicidios,777,133.6,57.1,73.2
Coquimbo,Ovalle,2025,Robos con Violencia e Intimidación,758,155.7,137.3,92.8
Coquimbo,Ovalle,2025,Violaciones y Delitos Sexuales,722,72.1,119.9,112
Coquimbo,Ovalle,2025,Ley de Control de Armas,835,73.9,62.5,75.2
Coquimbo,Ovalle,2025,Delitos en Contexto de Violencia Intrafamiliar,72,170.2,130.8,101.9
Coquimbo,Ovalle,2025,Consumo de Alcohol y Drogas en la Vía Pública,753,173.3,150.1,97.6
Coquimbo,Ovalle,2025,Hurtos,995,110.8,51,113.1
Coquimbo,Ovalle,2025,Daños,541,104.8,74.2,125.7
